ANTONIO GARCIA,130815114,antgarcia,antgarcia@mail.com,3382504991,CLL 138 # 63 - 35
MANUEL RODRIGUEZ,66064120,manrodriguez,manrodriguez@mail.com,3060260964,CRA 79 # 32 - 41
JOSE GONZALEZ,207933193,josgonzalez,josgonzalez@mail.com,3461082565,CLL 65 # 65 - 44
FRANCISCO FERNANDEZ,107838272,frafernandez,frafernandez@mail.com,3059679265,CLL 17 # 27 - 53
DAVID LOPEZ,230097570,davlopez,davlopez@mail.com,3441460060,CRA 78 # 127 - 66
JUAN MARTINEZ,837638535,juamartinez,juamartinez@mail.com,3294747118,CLL 1 # 99 - 46
JAVIER SANCHEZ,542170216,javsanchez,javsanchez@mail.com,3282011192,CLL 91 # 100 - 41
DANIEL PEREZ,992474112,danperez,danperez@mail.com,3383566372,CRA 41 # 31 - 41
JOSE ANTONIO GOMEZ,161338544,josgomez,josgomez@mail.com,3395979950,CLL 122 # 35 - 72
FRANCISCO JAVIER MARTIN,814677330,framartin,framartin@mail.com,3370687563,CLL 141 # 2 - 44
JOSE LUIS JIMENEZ,448027870,josjimenez,josjimenez@mail.com,3052376346,CRA 118 # 74 - 59
CARLOS HERNANDEZ,1125125510,carhernandez,carhernandez@mail.com,3171765731,CLL 83 # 116 - 47
ALEJANDRO RUIZ,889190207,aleruiz,aleruiz@mail.com,3191126540,CLL 88 # 141 - 69
JESUS DIAZ,605714945,jesdiaz,jesdiaz@mail.com,3449482590,CRA 113 # 104 - 60
MIGUEL MORENO,229825739,migmoreno,migmoreno@mail.com,3474582697,CLL 111 # 82 - 30
JOSE MANUEL MU•OZ,511898183,josmuœoz,josmuœoz@mail.com,3268136381,CLL 102 # 113 - 56
MIGUEL ANGEL ALVAREZ,1181988459,migalvarez,migalvarez@mail.com,3363014898,CRA 63 # 125 - 28
RAFAEL ROMERO,587904895,rafromero,rafromero@mail.com,3099887585,CLL 47 # 140 - 14
PABLO GUTIERREZ,146418294,pabgutierrez,pabgutierrez@mail.com,3292378455,CLL 46 # 137 - 30
PEDRO ALONSO,402971088,pedalonso,pedalonso@mail.com,3290369018,CRA 110 # 67 - 66
ANGEL NAVARRO,131305233,angnavarro,angnavarro@mail.com,3021024595,CLL 101 # 78 - 74
SERGIO TORRES,476939682,sertorres,sertorres@mail.com,3394087040,CLL 23 # 141 - 10
FERNANDO DOMINGUEZ,780559713,ferdominguez,ferdominguez@mail.com,3043283726,CRA 69 # 5 - 47
JOSE MARIA RAMOS,863655265,josramos,josramos@mail.com,3469038933,CLL 37 # 120 - 53
JORGE VAZQUEZ,730983773,jorvazquez,jorvazquez@mail.com,3413562147,CLL 38 # 57 - 61
LUIS RAMIREZ,184351395,luiramirez,luiramirez@mail.com,3063074195,CRA 128 # 128 - 10
ALBERTO GIL,459437299,albgil,albgil@mail.com,3015778208,CLL 104 # 91 - 16
ALVARO SERRANO,693629797,alvserrano,alvserrano@mail.com,3147262108,CLL 26 # 55 - 4
JUAN CARLOS MORALES,570757656,juamorales,juamorales@mail.com,3028910426,CRA 10 # 16 - 56
ADRIAN MOLINA,1056836345,adrmolina,adrmolina@mail.com,3187313291,CLL 121 # 99 - 61
DIEGO BLANCO,1087235587,dieblanco,dieblanco@mail.com,3026519367,CLL 126 # 141 - 13
JUAN JOSE SUAREZ,305847059,juasuarez,juasuarez@mail.com,3093669812,CRA 106 # 47 - 18
RAUL CASTRO,754644943,raucastro,raucastro@mail.com,3323660253,CLL 76 # 84 - 9
IVAN ORTEGA,736097950,ivaortega,ivaortega@mail.com,3220662448,CLL 124 # 78 - 38
RUBEN DELGADO,755192765,rubdelgado,rubdelgado@mail.com,3130678554,CRA 136 # 46 - 15
JUAN ANTONIO ORTIZ,265663219,juaortiz,juaortiz@mail.com,3047530250,CLL 34 # 23 - 60
OSCAR MARIN,311900139,oscmarin,oscmarin@mail.com,3066271625,CLL 90 # 130 - 70
ENRIQUE RUBIO,1128187429,enrrubio,enrrubio@mail.com,3457673646,CRA 13 # 44 - 8
RAMON NU•EZ,192882174,ramnuœez,ramnuœez@mail.com,3046243038,CLL 98 # 42 - 63
ANDRES MEDINA,368853394,andmedina,andmedina@mail.com,3102936745,CLL 104 # 22 - 2
JUAN MANUEL SANZ,570913999,juasanz,juasanz@mail.com,3422109823,CRA 119 # 71 - 6
SANTIAGO CASTILLO,915142653,sancastillo,sancastillo@mail.com,3203261924,CLL 40 # 65 - 13
VICENTE IGLESIAS,1159514991,viciglesias,viciglesias@mail.com,3201937730,CLL 55 # 40 - 32
MARIO CORTES,923633347,marcortes,marcortes@mail.com,3289797925,CRA 61 # 105 - 33
VICTOR GARRIDO,516539654,vicgarrido,vicgarrido@mail.com,3429324193,CLL 120 # 76 - 66
JOAQUIN SANTOS,127000363,joasantos,joasantos@mail.com,3409495416,CLL 19 # 37 - 12
EDUARDO GUERRERO,43541651,eduguerrero,eduguerrero@mail.com,3382014124,CRA 140 # 47 - 46
ROBERTO LOZANO,1011369921,roblozano,roblozano@mail.com,3469601917,CLL 4 # 71 - 17
MARCOS CANO,934035977,marcano,marcano@mail.com,3091386104,CLL 37 # 125 - 31
JAIME CRUZ,309674053,jaicruz,jaicruz@mail.com,3301090887,CRA 18 # 24 - 24
FRANCISCO JOSE MENDEZ,345661160,framendez,framendez@mail.com,3222766532,CLL 33 # 130 - 4
HUGO FLORES,555651522,hugflores,hugflores@mail.com,3027448547,CLL 136 # 69 - 55
IGNACIO PRIETO,676735761,ignprieto,ignprieto@mail.com,3074393440,CRA 31 # 34 - 55
JORDI HERRERA,268677223,jorherrera,jorherrera@mail.com,3385478104,CLL 15 # 68 - 4
ALFONSO PE•A,1137526561,alfpeœa,alfpeœa@mail.com,3392461877,CLL 144 # 45 - 22
RICARDO LEON,974415378,ricleon,ricleon@mail.com,3259450532,CRA 1 # 32 - 4
SALVADOR MARQUEZ,41029363,salmarquez,salmarquez@mail.com,3051274637,CLL 3 # 73 - 66
MARC CABRERA,503738017,marcabrera,marcabrera@mail.com,3115257433,CLL 77 # 73 - 14
GUILLERMO GALLEGO,313008906,guigallego,guigallego@mail.com,3235132707,CRA 93 # 49 - 68
MOHAMED CALVO,940333960,mohcalvo,mohcalvo@mail.com,3032862181,CLL 71 # 86 - 18
GABRIEL VIDAL,190769508,gabvidal,gabvidal@mail.com,3336721869,CLL 5 # 92 - 42
MARTIN CAMPOS,723875436,marcampos,marcampos@mail.com,3063483812,CRA 123 # 79 - 9
GONZALO REYES,845440176,gonreyes,gonreyes@mail.com,3366790512,CLL 119 # 99 - 26
EMILIO VEGA,1122479213,emivega,emivega@mail.com,3503761174,CLL 108 # 35 - 4
JOSE MIGUEL FUENTES,888649815,josfuentes,josfuentes@mail.com,3251046871,CRA 2 # 102 - 62
JULIO CARRASCO,70782103,julcarrasco,julcarrasco@mail.com,3042680727,CLL 63 # 34 - 20
JULIAN DIEZ,927448874,juldiez,juldiez@mail.com,3267413586,CLL 51 # 87 - 67
TOMAS AGUILAR,940136756,tomaguilar,tomaguilar@mail.com,3204324534,CRA 116 # 1 - 10
NICOLAS CABALLERO,753265735,niccaballero,niccaballero@mail.com,3025098798,CLL 4 # 26 - 66
AGUSTIN NIETO,692951311,agunieto,agunieto@mail.com,3329628168,CLL 137 # 62 - 59
LUCAS SANTANA,631719889,lucsantana,lucsantana@mail.com,3062614461,CRA 39 # 18 - 15
SAMUEL VARGAS,456205718,samvargas,samvargas@mail.com,3035693853,CLL 53 # 41 - 47
JOSE RAMON PASCUAL,688496472,jospascual,jospascual@mail.com,3037047605,CLL 75 # 101 - 44
ISMAEL GIMENEZ,985487740,ismgimenez,ismgimenez@mail.com,3264782872,CRA 44 # 97 - 22
CRISTIAN HERRERO,686960446,criherrero,criherrero@mail.com,3122307803,CLL 122 # 129 - 1
JOAN HIDALGO,115121768,joahidalgo,joahidalgo@mail.com,3101410476,CLL 14 # 139 - 25
AITOR MONTERO,1013863004,aitmontero,aitmontero@mail.com,3457846629,CRA 96 # 22 - 38
FELIX LORENZO,111409368,fellorenzo,fellorenzo@mail.com,3147968208,CLL 65 # 34 - 19
HECTOR SANTIAGO,533719437,hecsantiago,hecsantiago@mail.com,3338903239,CLL 43 # 143 - 6
ALEX BENITEZ,787000004,alebenitez,alebenitez@mail.com,3416503433,CRA 34 # 81 - 58
IKER DURAN,969493449,ikeduran,ikeduran@mail.com,3175625522,CLL 45 # 31 - 70
JUAN FRANCISCO IBA•EZ,623339404,juaibaœez,juaibaœez@mail.com,3450474549,CLL 29 # 64 - 17
JOSE CARLOS ARIAS,217919746,josarias,josarias@mail.com,3078965230,CRA 117 # 113 - 33
MATEO MORA,920295861,matmora,matmora@mail.com,3426074767,CLL 83 # 66 - 13
SEBASTIAN FERRER,932423067,sebferrer,sebferrer@mail.com,3364333458,CLL 46 # 26 - 72
CESAR CARMONA,754386271,cescarmona,cescarmona@mail.com,3267162926,CRA 77 # 79 - 61
JOSEP VICENTE,588377673,josvicente,josvicente@mail.com,3330346816,CLL 49 # 38 - 3
ALFREDO ROJAS,931397106,alfrojas,alfrojas@mail.com,3377801071,CLL 144 # 133 - 30
MARIANO SOTO,501586600,marsoto,marsoto@mail.com,3047265809,CRA 44 # 68 - 14
RODRIGO CRESPO,1192069780,rodcrespo,rodcrespo@mail.com,3415051132,CLL 61 # 5 - 23
JOSE ANGEL ROMAN,282155466,josroman,josroman@mail.com,3232257367,CLL 48 # 68 - 28
DOMINGO PASTOR,558876563,dompastor,dompastor@mail.com,3071757289,CRA 95 # 141 - 21
VICTOR MANUEL VELASCO,473083298,vicvelasco,vicvelasco@mail.com,3018540913,CLL 18 # 24 - 30
JOSE IGNACIO PARRA,486223963,josparra,josparra@mail.com,3178689804,CLL 103 # 41 - 68
FELIPE SAEZ,368079617,felsaez,felsaez@mail.com,3478283383,CRA 32 # 37 - 6
LUIS MIGUEL MOYA,93170177,luimoya,luimoya@mail.com,3092165924,CLL 26 # 108 - 12
JOSE FRANCISCO BRAVO,68537858,josbravo,josbravo@mail.com,3093016481,CLL 103 # 122 - 10
XAVIER RIVERA,348930782,xavrivera,xavrivera@mail.com,3080902232,CRA 42 # 23 - 64
ALBERT GALLARDO,724682883,albgallardo,albgallardo@mail.com,3093406053,CLL 104 # 67 - 46
JUAN LUIS GARCIA,710577329,juagarcia,juagarcia@mail.com,3082827225,CLL 133 # 73 - 3
MARIA CARMEN RODRIGUEZ,1074495743,marrodriguez,marrodriguez@mail.com,3033928707,CRA 116 # 128 - 61
MARIA GONZALEZ,888462079,margonzalez,margonzalez@mail.com,3192099249,CLL 72 # 81 - 57
CARMEN FERNANDEZ,136933852,carfernandez,carfernandez@mail.com,3378531054,CLL 132 # 121 - 64
ANA MARIA LOPEZ,523187925,analopez,analopez@mail.com,3092517461,CRA 67 # 88 - 35
LAURA MARTINEZ,70539229,laumartinez,laumartinez@mail.com,3296618515,CLL 49 # 81 - 13
MARIA PILAR SANCHEZ,444423398,marsanchez,marsanchez@mail.com,3438545676,CLL 90 # 130 - 20
MARIA DOLORES PEREZ,762266826,marperez,marperez@mail.com,3186750956,CRA 1 # 135 - 12
ISABEL GOMEZ,612371741,isagomez,isagomez@mail.com,3339076825,CLL 63 # 13 - 11
JOSEFA MARTIN,609594952,josmartin,josmartin@mail.com,3079055426,CLL 105 # 110 - 3
MARIA TERESA JIMENEZ,886679368,marjimenez,marjimenez@mail.com,3005872547,CRA 28 # 75 - 12
ANA HERNANDEZ,303230997,anahernandez,anahernandez@mail.com,3114468186,CLL 68 # 131 - 43
MARTA RUIZ,305784148,marruiz,marruiz@mail.com,3095280732,CLL 13 # 77 - 30
CRISTINA DIAZ,727948968,cridiaz,cridiaz@mail.com,3445299881,CRA 63 # 47 - 39
MARIA ANGELES MORENO,170209760,marmoreno,marmoreno@mail.com,3110328201,CLL 116 # 82 - 7
LUCIA MU•OZ,153960829,lucmuœoz,lucmuœoz@mail.com,3496336077,CLL 91 # 133 - 63
MARIA ISABEL ALVAREZ,475324832,maralvarez,maralvarez@mail.com,3351892995,CRA 77 # 52 - 13
MARIA JOSE ROMERO,611657562,marromero,marromero@mail.com,3274407116,CLL 1 # 30 - 40
FRANCISCA GUTIERREZ,825898505,fragutierrez,fragutierrez@mail.com,3132313948,CLL 3 # 130 - 65
ANTONIA ALONSO,799539894,antalonso,antalonso@mail.com,3298342940,CRA 33 # 140 - 69
DOLORES NAVARRO,432004869,dolnavarro,dolnavarro@mail.com,3243749644,CLL 103 # 111 - 59
PAULA TORRES,584790756,pautorres,pautorres@mail.com,3276594823,CLL 45 # 14 - 4
SARA DOMINGUEZ,90691302,sardominguez,sardominguez@mail.com,3488208241,CRA 79 # 85 - 31
ELENA RAMOS,873487552,eleramos,eleramos@mail.com,3175445103,CLL 115 # 95 - 67
MARIA LUISA VAZQUEZ,134737721,marvazquez,marvazquez@mail.com,3281543872,CLL 118 # 124 - 8
RAQUEL RAMIREZ,703235540,raqramirez,raqramirez@mail.com,3357012973,CRA 92 # 52 - 1
ROSA MARIA GIL,1191051487,rosgil,rosgil@mail.com,3087380257,CLL 78 # 35 - 45
MANUELA SERRANO,1163859790,manserrano,manserrano@mail.com,3200897158,CLL 25 # 139 - 26
MARIA JESUS MORALES,1123433924,marmorales,marmorales@mail.com,3415498956,CRA 73 # 62 - 49
PILAR MOLINA,395208624,pilmolina,pilmolina@mail.com,3061437218,CLL 89 # 84 - 29
CONCEPCION BLANCO,1135337727,conblanco,conblanco@mail.com,3437621108,CLL 70 # 125 - 48
MERCEDES SUAREZ,764579025,mersuarez,mersuarez@mail.com,3051425131,CRA 29 # 102 - 58
JULIA CASTRO,966470416,julcastro,julcastro@mail.com,3085523508,CLL 110 # 20 - 55
BEATRIZ ORTEGA,1144566907,beaortega,beaortega@mail.com,3462862499,CLL 86 # 13 - 18
ALBA DELGADO,43232627,albdelgado,albdelgado@mail.com,3053933223,CRA 115 # 74 - 57
SILVIA ORTIZ,515829850,silortiz,silortiz@mail.com,3085339588,CLL 45 # 99 - 75
NURIA MARIN,740008873,nurmarin,nurmarin@mail.com,3293635759,CLL 81 # 136 - 40
IRENE RUBIO,725586519,irerubio,irerubio@mail.com,3259549233,CRA 78 # 122 - 30
PATRICIA NU•EZ,1025675984,patnuœez,patnuœez@mail.com,3080345806,CLL 31 # 71 - 65
ROSARIO MEDINA,373518549,rosmedina,rosmedina@mail.com,3300023232,CLL 117 # 84 - 24
JUANA SANZ,268292265,juasanz,juasanz@mail.com,3053598292,CRA 8 # 58 - 28
ROCIO CASTILLO,565515304,roccastillo,roccastillo@mail.com,3060966104,CLL 132 # 110 - 5
ANDREA IGLESIAS,805389724,andiglesias,andiglesias@mail.com,3270725920,CLL 98 # 21 - 36
TERESA CORTES,1185366442,tercortes,tercortes@mail.com,3494564096,CRA 37 # 109 - 5
ENCARNACION GARRIDO,367947188,encgarrido,encgarrido@mail.com,3085807396,CLL 62 # 134 - 43
MONTSERRAT SANTOS,177201233,monsantos,monsantos@mail.com,3227474188,CLL 15 # 136 - 25
MONICA GUERRERO,614298927,monguerrero,monguerrero@mail.com,3232345901,CRA 12 # 49 - 10
ALICIA LOZANO,721522792,alilozano,alilozano@mail.com,3375141870,CLL 136 # 118 - 24
MARIA MAR CANO,322891673,marcano,marcano@mail.com,3325526176,CLL 137 # 11 - 30
SANDRA CRUZ,923205506,sancruz,sancruz@mail.com,3283719222,CRA 32 # 85 - 53
SONIA MENDEZ,454851425,sonmendez,sonmendez@mail.com,3068712451,CLL 33 # 67 - 7
MARINA FLORES,223555570,marflores,marflores@mail.com,3229730371,CLL 137 # 35 - 23
SUSANA PRIETO,277294824,susprieto,susprieto@mail.com,3371003216,CRA 131 # 64 - 2
ANGELA HERRERA,67438651,angherrera,angherrera@mail.com,3102817652,CLL 144 # 18 - 65
NATALIA PE•A,511139352,natpeœa,natpeœa@mail.com,3410575228,CLL 121 # 43 - 54
ROSA LEON,74153232,rosleon,rosleon@mail.com,3093148360,CRA 122 # 15 - 10
YOLANDA MARQUEZ,472189119,yolmarquez,yolmarquez@mail.com,3013666112,CLL 125 # 30 - 23
SOFIA CABRERA,931322306,sofcabrera,sofcabrera@mail.com,3396588211,CLL 54 # 64 - 73
CLAUDIA GALLEGO,280435895,clagallego,clagallego@mail.com,3496578952,CRA 141 # 122 - 10
MARGARITA CALVO,626886212,marcalvo,marcalvo@mail.com,3483661133,CLL 137 # 143 - 63
MARIA JOSEFA VIDAL,530854945,marvidal,marvidal@mail.com,3439553758,CLL 120 # 100 - 42
CARLA CAMPOS,1146667134,carcampos,carcampos@mail.com,3004988571,CRA 144 # 21 - 57
EVA REYES,767730020,evareyes,evareyes@mail.com,3449673355,CLL 142 # 85 - 64
INMACULADA VEGA,505357798,inmvega,inmvega@mail.com,3039342106,CLL 74 # 122 - 72
MARIA ROSARIO FUENTES,878616272,marfuentes,marfuentes@mail.com,3410126918,CRA 79 # 3 - 27
MARIA MERCEDES CARRASCO,984049290,marcarrasco,marcarrasco@mail.com,3096305146,CLL 98 # 33 - 20
ANA ISABEL DIEZ,1014732256,anadiez,anadiez@mail.com,3373851935,CLL 92 # 50 - 47
NOELIA AGUILAR,978929701,noeaguilar,noeaguilar@mail.com,3350150573,CRA 91 # 52 - 38
ESTHER CABALLERO,469581449,estcaballero,estcaballero@mail.com,3130022554,CLL 68 # 1 - 61
VERONICA NIETO,759287544,vernieto,vernieto@mail.com,3434709605,CLL 54 # 55 - 57
DANIELA SANTANA,1044125539,dansantana,dansantana@mail.com,3279565587,CRA 29 # 107 - 43
NEREA VARGAS,748431818,nervargas,nervargas@mail.com,3348431763,CLL 78 # 6 - 62
CAROLINA PASCUAL,319162160,carpascual,carpascual@mail.com,3327282415,CLL 109 # 53 - 13
INES GIMENEZ,418603526,inegimenez,inegimenez@mail.com,3435594420,CRA 93 # 8 - 59
MIRIAM HERRERO,493199143,mirherrero,mirherrero@mail.com,3249814237,CLL 106 # 93 - 19
EVA MARIA HIDALGO,193899322,evahidalgo,evahidalgo@mail.com,3143459653,CLL 73 # 22 - 61
MARTINA MONTERO,793263892,marmontero,marmontero@mail.com,3152141630,CRA 126 # 72 - 38
MARIA VICTORIA LORENZO,576336194,marlorenzo,marlorenzo@mail.com,3181364872,CLL 41 # 51 - 1
LORENA SANTIAGO,1150707168,lorsantiago,lorsantiago@mail.com,3035178815,CLL 19 # 119 - 13
ANGELES BENITEZ,91221923,angbenitez,angbenitez@mail.com,3056820781,CRA 63 # 64 - 15
ANA BELEN DURAN,293633570,anaduran,anaduran@mail.com,3359773517,CLL 140 # 49 - 19
MARIA ELENA IBA•EZ,550628963,maribaœez,maribaœez@mail.com,3439645425,CLL 13 # 32 - 65
MARIA ROSA ARIAS,814950256,mararias,mararias@mail.com,3257326882,CRA 133 # 125 - 16
VICTORIA MORA,265836316,vicmora,vicmora@mail.com,3392143377,CLL 74 # 52 - 15
MARIA CONCEPCION FERRER,864490967,marferrer,marferrer@mail.com,3086547949,CLL 110 # 51 - 31
ALEJANDRA CARMONA,231151229,alecarmona,alecarmona@mail.com,3345185633,CRA 106 # 83 - 57
AMPARO VICENTE,984238878,ampvicente,ampvicente@mail.com,3077055820,CLL 84 # 89 - 13
MARIA ANTONIA ROJAS,593664885,marrojas,marrojas@mail.com,3502298837,CLL 67 # 129 - 24
LIDIA SOTO,1170516616,lidsoto,lidsoto@mail.com,3399625595,CRA 43 # 24 - 75
CELIA CRESPO,685058007,celcrespo,celcrespo@mail.com,3242025596,CLL 105 # 122 - 29
CATALINA ROMAN,948683007,catroman,catroman@mail.com,3359338462,CLL 75 # 48 - 46
FATIMA PASTOR,852636415,fatpastor,fatpastor@mail.com,3103824325,CRA 20 # 44 - 14
MARIA NIEVES VELASCO,930146290,marvelasco,marvelasco@mail.com,3118175345,CLL 34 # 34 - 15
AINHOA PARRA,1019776699,ainparra,ainparra@mail.com,3082218534,CLL 126 # 141 - 3
OLGA SAEZ,793919373,olgsaez,olgsaez@mail.com,3190793801,CRA 7 # 21 - 25
CLARA MOYA,1117169327,clamoya,clamoya@mail.com,3462239218,CLL 9 # 145 - 42
CONSUELO BRAVO,135901247,conbravo,conbravo@mail.com,3332975256,CLL 111 # 54 - 57
MARIA CRISTINA RIVERA,185050862,marrivera,marrivera@mail.com,3332110962,CRA 48 # 64 - 47
ADRIANA GALLARDO,602668934,adrgallardo,adrgallardo@mail.com,3392441627,CLL 68 # 120 - 27
GLORIA GARCIA,1015937777,glogarcia,glogarcia@mail.com,3450906729,CLL 28 # 15 - 43
MARIA SOLEDAD RODRIGUEZ,268971741,marrodriguez,marrodriguez@mail.com,3000462176,CRA 26 # 91 - 22
ANTONIO GONZALEZ,390591380,antgonzalez,antgonzalez@mail.com,3080917435,CLL 47 # 25 - 35
MANUEL FERNANDEZ,952459461,manfernandez,manfernandez@mail.com,3407898173,CLL 142 # 1 - 71
JOSE LOPEZ,932174259,joslopez,joslopez@mail.com,3200267494,CRA 57 # 111 - 35
FRANCISCO MARTINEZ,754640009,framartinez,framartinez@mail.com,3503249362,CLL 66 # 10 - 12
DAVID SANCHEZ,963302051,davsanchez,davsanchez@mail.com,3072781258,CLL 20 # 36 - 75
JUAN PEREZ,916519738,juaperez,juaperez@mail.com,3151209773,CRA 130 # 114 - 49
JAVIER GOMEZ,994450539,javgomez,javgomez@mail.com,3179467462,CLL 12 # 123 - 9
DANIEL MARTIN,620984754,danmartin,danmartin@mail.com,3503392480,CLL 12 # 100 - 63
JOSE ANTONIO JIMENEZ,471493589,josjimenez,josjimenez@mail.com,3364515337,CRA 120 # 106 - 5
FRANCISCO JAVIER HERNANDEZ,338649702,frahernandez,frahernandez@mail.com,3385570444,CLL 113 # 129 - 60
JOSE LUIS RUIZ,635242955,josruiz,josruiz@mail.com,3387668540,CLL 29 # 138 - 49
CARLOS DIAZ,43864780,cardiaz,cardiaz@mail.com,3293750757,CRA 88 # 132 - 4
ALEJANDRO MORENO,215849773,alemoreno,alemoreno@mail.com,3390889982,CLL 82 # 76 - 24
JESUS MU•OZ,775481676,jesmuœoz,jesmuœoz@mail.com,3115471191,CLL 139 # 107 - 50
MIGUEL ALVAREZ,897299877,migalvarez,migalvarez@mail.com,3349301276,CRA 45 # 100 - 36
JOSE MANUEL ROMERO,726864596,josromero,josromero@mail.com,3504639382,CLL 86 # 137 - 38
MIGUEL ANGEL GUTIERREZ,619424670,miggutierrez,miggutierrez@mail.com,3004940268,CLL 44 # 117 - 13
RAFAEL ALONSO,66708689,rafalonso,rafalonso@mail.com,3192350946,CRA 98 # 116 - 73
PABLO NAVARRO,1148996106,pabnavarro,pabnavarro@mail.com,3270451016,CLL 38 # 105 - 55
PEDRO TORRES,224121147,pedtorres,pedtorres@mail.com,3232546416,CLL 102 # 94 - 72
ANGEL DOMINGUEZ,450748883,angdominguez,angdominguez@mail.com,3068448219,CRA 28 # 26 - 24
SERGIO RAMOS,644542268,serramos,serramos@mail.com,3143277942,CLL 84 # 133 - 67
FERNANDO VAZQUEZ,750646014,fervazquez,fervazquez@mail.com,3289540235,CLL 72 # 75 - 61
JOSE MARIA RAMIREZ,263110636,josramirez,josramirez@mail.com,3228704894,CRA 54 # 94 - 63
JORGE GIL,937607207,jorgil,jorgil@mail.com,3123073904,CLL 102 # 101 - 27
LUIS SERRANO,217292365,luiserrano,luiserrano@mail.com,3285044993,CLL 69 # 50 - 9
ALBERTO MORALES,1127090534,albmorales,albmorales@mail.com,3383355516,CRA 111 # 9 - 33
ALVARO MOLINA,98116911,alvmolina,alvmolina@mail.com,3035119786,CLL 58 # 116 - 53
JUAN CARLOS BLANCO,615826127,juablanco,juablanco@mail.com,3376314411,CLL 111 # 30 - 19
ADRIAN SUAREZ,518754227,adrsuarez,adrsuarez@mail.com,3298428644,CRA 125 # 15 - 44
DIEGO CASTRO,56554674,diecastro,diecastro@mail.com,3431541714,CLL 79 # 106 - 42
JUAN JOSE ORTEGA,372019228,juaortega,juaortega@mail.com,3325338279,CLL 87 # 120 - 7
RAUL DELGADO,509630522,raudelgado,raudelgado@mail.com,3074072408,CRA 7 # 81 - 21
IVAN ORTIZ,227851732,ivaortiz,ivaortiz@mail.com,3185839196,CLL 118 # 66 - 44
RUBEN MARIN,1133711327,rubmarin,rubmarin@mail.com,3499220910,CLL 54 # 19 - 60
JUAN ANTONIO RUBIO,255355614,juarubio,juarubio@mail.com,3085099568,CRA 28 # 41 - 43
OSCAR NU•EZ,731954798,oscnuœez,oscnuœez@mail.com,3030322422,CLL 44 # 75 - 11
ENRIQUE MEDINA,920810497,enrmedina,enrmedina@mail.com,3296374439,CLL 98 # 55 - 48
RAMON SANZ,1182683965,ramsanz,ramsanz@mail.com,3219092005,CRA 142 # 106 - 3
ANDRES CASTILLO,473380300,andcastillo,andcastillo@mail.com,3034248439,CLL 85 # 75 - 67
JUAN MANUEL IGLESIAS,669570748,juaiglesias,juaiglesias@mail.com,3408142471,CLL 144 # 141 - 3
SANTIAGO CORTES,89595622,sancortes,sancortes@mail.com,3088703761,CRA 125 # 115 - 62
VICENTE GARRIDO,723450009,vicgarrido,vicgarrido@mail.com,3295077247,CLL 112 # 124 - 28
MARIO SANTOS,485452467,marsantos,marsantos@mail.com,3322307484,CLL 7 # 68 - 33
VICTOR GUERRERO,115591531,vicguerrero,vicguerrero@mail.com,3138628221,CRA 124 # 140 - 28
JOAQUIN LOZANO,415625352,joalozano,joalozano@mail.com,3150186886,CLL 29 # 43 - 72
EDUARDO CANO,1099825194,educano,educano@mail.com,3445669118,CLL 115 # 46 - 36
ROBERTO CRUZ,172584374,robcruz,robcruz@mail.com,3317961659,CRA 51 # 24 - 59
MARCOS MENDEZ,868849273,marmendez,marmendez@mail.com,3009929599,CLL 19 # 10 - 33
JAIME FLORES,1142080127,jaiflores,jaiflores@mail.com,3424958747,CLL 71 # 115 - 73
FRANCISCO JOSE PRIETO,357635528,fraprieto,fraprieto@mail.com,3241974772,CRA 70 # 16 - 34
HUGO HERRERA,941455591,hugherrera,hugherrera@mail.com,3156306811,CLL 15 # 125 - 73
IGNACIO PE•A,628174853,ignpeœa,ignpeœa@mail.com,3395514762,CLL 25 # 41 - 1
JORDI LEON,374680627,jorleon,jorleon@mail.com,3455143701,CRA 98 # 96 - 32
ALFONSO MARQUEZ,214147393,alfmarquez,alfmarquez@mail.com,3004481234,CLL 87 # 39 - 43
RICARDO CABRERA,675680883,riccabrera,riccabrera@mail.com,3365620982,CLL 119 # 111 - 63
SALVADOR GALLEGO,610660247,salgallego,salgallego@mail.com,3197005922,CRA 51 # 32 - 67
MARC CALVO,1100101457,marcalvo,marcalvo@mail.com,3279729607,CLL 142 # 86 - 66
GUILLERMO VIDAL,327626608,guividal,guividal@mail.com,3029019560,CLL 62 # 6 - 6
MOHAMED CAMPOS,118820074,mohcampos,mohcampos@mail.com,3399512295,CRA 63 # 102 - 75
GABRIEL REYES,183203126,gabreyes,gabreyes@mail.com,3389356507,CLL 85 # 52 - 42
MARTIN VEGA,1179229640,marvega,marvega@mail.com,3203146537,CLL 63 # 115 - 10
GONZALO FUENTES,1106109210,gonfuentes,gonfuentes@mail.com,3008247860,CRA 90 # 86 - 59
EMILIO CARRASCO,1049075472,emicarrasco,emicarrasco@mail.com,3166646765,CLL 68 # 95 - 73
JOSE MIGUEL DIEZ,357069639,josdiez,josdiez@mail.com,3394815085,CLL 120 # 92 - 5
JULIO AGUILAR,232502563,julaguilar,julaguilar@mail.com,3442841502,CRA 104 # 104 - 44
JULIAN CABALLERO,322009315,julcaballero,julcaballero@mail.com,3484858583,CLL 70 # 49 - 60
TOMAS NIETO,835427244,tomnieto,tomnieto@mail.com,3103008526,CLL 137 # 129 - 65
NICOLAS SANTANA,679005925,nicsantana,nicsantana@mail.com,3075056744,CRA 93 # 42 - 2
AGUSTIN VARGAS,1053407660,aguvargas,aguvargas@mail.com,3199620739,CLL 7 # 79 - 41
LUCAS PASCUAL,514191716,lucpascual,lucpascual@mail.com,3267303623,CLL 93 # 6 - 14
SAMUEL GIMENEZ,643442933,samgimenez,samgimenez@mail.com,3145274205,CRA 121 # 106 - 54
JOSE RAMON HERRERO,513429204,josherrero,josherrero@mail.com,3025553824,CLL 47 # 134 - 54
ISMAEL HIDALGO,743680970,ismhidalgo,ismhidalgo@mail.com,3346994216,CLL 110 # 82 - 7
CRISTIAN MONTERO,535686618,crimontero,crimontero@mail.com,3229325634,CRA 80 # 125 - 54
JOAN LORENZO,928819646,joalorenzo,joalorenzo@mail.com,3446765266,CLL 126 # 112 - 30
AITOR SANTIAGO,83810748,aitsantiago,aitsantiago@mail.com,3231789043,CLL 32 # 28 - 39
FELIX BENITEZ,407103265,felbenitez,felbenitez@mail.com,3413244761,CRA 65 # 24 - 62
HECTOR DURAN,1175363668,hecduran,hecduran@mail.com,3333502219,CLL 15 # 34 - 67
ALEX IBA•EZ,768953551,aleibaœez,aleibaœez@mail.com,3318562919,CLL 94 # 77 - 26
IKER ARIAS,406950900,ikearias,ikearias@mail.com,3460424790,CRA 119 # 71 - 48
JUAN FRANCISCO MORA,423358496,juamora,juamora@mail.com,3445623545,CLL 43 # 117 - 55
JOSE CARLOS FERRER,316499587,josferrer,josferrer@mail.com,3237538334,CLL 117 # 54 - 14
MATEO CARMONA,577610355,matcarmona,matcarmona@mail.com,3507924707,CRA 135 # 116 - 56
SEBASTIAN VICENTE,358822126,sebvicente,sebvicente@mail.com,3481558144,CLL 71 # 130 - 1
CESAR ROJAS,393622445,cesrojas,cesrojas@mail.com,3183945103,CLL 24 # 57 - 7
JOSEP SOTO,396107967,jossoto,jossoto@mail.com,3384496157,CRA 97 # 35 - 58
ALFREDO CRESPO,1036755235,alfcrespo,alfcrespo@mail.com,3363165588,CLL 113 # 113 - 70
MARIANO ROMAN,217204245,marroman,marroman@mail.com,3495857053,CLL 6 # 83 - 50
RODRIGO PASTOR,879745958,rodpastor,rodpastor@mail.com,3485757737,CRA 83 # 60 - 17
JOSE ANGEL VELASCO,666953042,josvelasco,josvelasco@mail.com,3285635184,CLL 135 # 115 - 14
DOMINGO PARRA,1123901716,domparra,domparra@mail.com,3484453517,CLL 109 # 52 - 40
VICTOR MANUEL SAEZ,1027810262,vicsaez,vicsaez@mail.com,3155317688,CRA 2 # 100 - 48
JOSE IGNACIO MOYA,162530587,josmoya,josmoya@mail.com,3158871429,CLL 98 # 99 - 38
FELIPE BRAVO,1156988486,felbravo,felbravo@mail.com,3031785006,CLL 33 # 117 - 13
LUIS MIGUEL RIVERA,1019569157,luirivera,luirivera@mail.com,3190305212,CRA 74 # 9 - 42
JOSE FRANCISCO GALLARDO,927316374,josgallardo,josgallardo@mail.com,3276451508,CLL 70 # 15 - 41
XAVIER GARCIA,448317878,xavgarcia,xavgarcia@mail.com,3105598867,CLL 85 # 24 - 4
ALBERT RODRIGUEZ,905316281,albrodriguez,albrodriguez@mail.com,3235565069,CRA 61 # 70 - 33
JUAN LUIS GONZALEZ,205587493,juagonzalez,juagonzalez@mail.com,3035405406,CLL 139 # 21 - 37
MARIA CARMEN FERNANDEZ,722249900,marfernandez,marfernandez@mail.com,3265154988,CLL 109 # 29 - 2
MARIA LOPEZ,974958722,marlopez,marlopez@mail.com,3423753500,CRA 98 # 11 - 44
CARMEN MARTINEZ,746536148,carmartinez,carmartinez@mail.com,3314889005,CLL 13 # 63 - 71
ANA MARIA SANCHEZ,677849301,anasanchez,anasanchez@mail.com,3461189336,CLL 19 # 131 - 75
LAURA PEREZ,677422047,lauperez,lauperez@mail.com,3302200680,CRA 86 # 52 - 56
MARIA PILAR GOMEZ,1147618112,margomez,margomez@mail.com,3096890789,CLL 135 # 64 - 20
MARIA DOLORES MARTIN,647728459,marmartin,marmartin@mail.com,3354777486,CLL 31 # 25 - 53
ISABEL JIMENEZ,1021454104,isajimenez,isajimenez@mail.com,3450030692,CRA 50 # 138 - 64
JOSEFA HERNANDEZ,1045451451,joshernandez,joshernandez@mail.com,3483513386,CLL 79 # 132 - 39
MARIA TERESA RUIZ,280044484,marruiz,marruiz@mail.com,3085664874,CLL 24 # 68 - 13
ANA DIAZ,771143587,anadiaz,anadiaz@mail.com,3317598593,CRA 41 # 78 - 36
MARTA MORENO,737839808,marmoreno,marmoreno@mail.com,3413490523,CLL 127 # 111 - 29
CRISTINA MU•OZ,800209182,crimuœoz,crimuœoz@mail.com,3158284327,CLL 45 # 29 - 12
MARIA ANGELES ALVAREZ,305411924,maralvarez,maralvarez@mail.com,3245360975,CRA 105 # 40 - 2
LUCIA ROMERO,520491253,lucromero,lucromero@mail.com,3052483409,CLL 52 # 61 - 29
MARIA ISABEL GUTIERREZ,56244382,margutierrez,margutierrez@mail.com,3065767883,CLL 114 # 14 - 42
MARIA JOSE ALONSO,250904198,maralonso,maralonso@mail.com,3181033823,CRA 110 # 140 - 9
FRANCISCA NAVARRO,1100558796,franavarro,franavarro@mail.com,3304777283,CLL 62 # 145 - 19
ANTONIA TORRES,438042322,anttorres,anttorres@mail.com,3103143399,CLL 99 # 49 - 68
DOLORES DOMINGUEZ,1080345617,doldominguez,doldominguez@mail.com,3362143700,CRA 29 # 108 - 40
PAULA RAMOS,409402714,pauramos,pauramos@mail.com,3109483676,CLL 9 # 2 - 48
SARA VAZQUEZ,701943506,sarvazquez,sarvazquez@mail.com,3480584820,CLL 8 # 128 - 35
ELENA RAMIREZ,908015534,eleramirez,eleramirez@mail.com,3318324738,CRA 60 # 15 - 51
MARIA LUISA GIL,416197651,margil,margil@mail.com,3026466621,CLL 4 # 41 - 48
RAQUEL SERRANO,998719075,raqserrano,raqserrano@mail.com,3360272134,CLL 54 # 122 - 36
ROSA MARIA MORALES,922195982,rosmorales,rosmorales@mail.com,3208552513,CRA 135 # 39 - 1
MANUELA MOLINA,450425007,manmolina,manmolina@mail.com,3419334988,CLL 56 # 114 - 13
MARIA JESUS BLANCO,111795912,marblanco,marblanco@mail.com,3123309858,CLL 74 # 75 - 34
PILAR SUAREZ,947215839,pilsuarez,pilsuarez@mail.com,3398325911,CRA 141 # 63 - 75
CONCEPCION CASTRO,678302469,concastro,concastro@mail.com,3101524598,CLL 92 # 112 - 3
MERCEDES ORTEGA,872904834,merortega,merortega@mail.com,3329519647,CLL 81 # 142 - 12
JULIA DELGADO,238797355,juldelgado,juldelgado@mail.com,3204768620,CRA 50 # 140 - 11
BEATRIZ ORTIZ,1179780097,beaortiz,beaortiz@mail.com,3205998597,CLL 13 # 30 - 75
ALBA MARIN,131650806,albmarin,albmarin@mail.com,3442094151,CLL 143 # 48 - 2
SILVIA RUBIO,963698181,silrubio,silrubio@mail.com,3116663109,CRA 57 # 74 - 6
NURIA NU•EZ,383555252,nurnuœez,nurnuœez@mail.com,3179198510,CLL 88 # 20 - 61
IRENE MEDINA,660012945,iremedina,iremedina@mail.com,3315430810,CLL 60 # 114 - 58
PATRICIA SANZ,1136713147,patsanz,patsanz@mail.com,3142626618,CRA 54 # 74 - 39
ROSARIO CASTILLO,953128959,roscastillo,roscastillo@mail.com,3117609106,CLL 126 # 142 - 36
JUANA IGLESIAS,1062707532,juaiglesias,juaiglesias@mail.com,3168691376,CLL 88 # 67 - 48
ROCIO CORTES,1172242839,roccortes,roccortes@mail.com,3253611821,CRA 74 # 79 - 51
ANDREA GARRIDO,1054563690,andgarrido,andgarrido@mail.com,3096425935,CLL 128 # 54 - 25
TERESA SANTOS,1154928346,tersantos,tersantos@mail.com,3378092349,CLL 88 # 80 - 65
ENCARNACION GUERRERO,1198251462,encguerrero,encguerrero@mail.com,3271992081,CRA 118 # 11 - 52
MONTSERRAT LOZANO,719746527,monlozano,monlozano@mail.com,3362553016,CLL 131 # 33 - 41
MONICA CANO,1122679201,moncano,moncano@mail.com,3326975974,CLL 108 # 9 - 29
ALICIA CRUZ,1047450812,alicruz,alicruz@mail.com,3099231271,CRA 83 # 95 - 6
MARIA MAR MENDEZ,721719232,marmendez,marmendez@mail.com,3131869673,CLL 45 # 3 - 16
SANDRA FLORES,232659307,sanflores,sanflores@mail.com,3292340951,CLL 135 # 53 - 10
SONIA PRIETO,382708160,sonprieto,sonprieto@mail.com,3027152277,CRA 45 # 74 - 9
MARINA HERRERA,419150153,marherrera,marherrera@mail.com,3363026465,CLL 79 # 94 - 46
SUSANA PE•A,121822059,suspeœa,suspeœa@mail.com,3412558540,CLL 25 # 134 - 6
ANGELA LEON,357064989,angleon,angleon@mail.com,3498072119,CRA 1 # 38 - 61
NATALIA MARQUEZ,626379879,natmarquez,natmarquez@mail.com,3047458464,CLL 92 # 92 - 73
ROSA CABRERA,1031501222,roscabrera,roscabrera@mail.com,3392445443,CLL 77 # 94 - 56
YOLANDA GALLEGO,810636990,yolgallego,yolgallego@mail.com,3495525212,CRA 44 # 51 - 46
SOFIA CALVO,726386586,sofcalvo,sofcalvo@mail.com,3412106211,CLL 95 # 71 - 6
CLAUDIA VIDAL,249525600,clavidal,clavidal@mail.com,3131730101,CLL 104 # 91 - 68
MARGARITA CAMPOS,176103030,marcampos,marcampos@mail.com,3026015954,CRA 63 # 79 - 18
MARIA JOSEFA REYES,164325046,marreyes,marreyes@mail.com,3109232543,CLL 83 # 24 - 24
CARLA VEGA,499175950,carvega,carvega@mail.com,3012521143,CLL 125 # 8 - 28
EVA FUENTES,358069764,evafuentes,evafuentes@mail.com,3280169314,CRA 39 # 108 - 67
INMACULADA CARRASCO,832936658,inmcarrasco,inmcarrasco@mail.com,3481226093,CLL 145 # 57 - 15
MARIA ROSARIO DIEZ,347822005,mardiez,mardiez@mail.com,3226916530,CLL 42 # 71 - 39
MARIA MERCEDES AGUILAR,50295331,maraguilar,maraguilar@mail.com,3075273993,CRA 73 # 32 - 68
ANA ISABEL CABALLERO,426446804,anacaballero,anacaballero@mail.com,3433536137,CLL 33 # 4 - 22
NOELIA NIETO,261691229,noenieto,noenieto@mail.com,3095110104,CLL 32 # 38 - 32
ESTHER SANTANA,522525789,estsantana,estsantana@mail.com,3299697235,CRA 4 # 50 - 26
VERONICA VARGAS,1059826214,vervargas,vervargas@mail.com,3382559819,CLL 80 # 15 - 15
DANIELA PASCUAL,100179269,danpascual,danpascual@mail.com,3416999834,CLL 31 # 58 - 15
NEREA GIMENEZ,1167279952,nergimenez,nergimenez@mail.com,3012546276,CRA 144 # 27 - 73
CAROLINA HERRERO,798702113,carherrero,carherrero@mail.com,3242003836,CLL 35 # 71 - 54
INES HIDALGO,189486665,inehidalgo,inehidalgo@mail.com,3044332140,CLL 132 # 142 - 61
MIRIAM MONTERO,508245538,mirmontero,mirmontero@mail.com,3209722449,CRA 44 # 64 - 25
EVA MARIA LORENZO,1126171979,evalorenzo,evalorenzo@mail.com,3355220006,CLL 18 # 45 - 19
MARTINA SANTIAGO,865752394,marsantiago,marsantiago@mail.com,3363628381,CLL 13 # 19 - 47
MARIA VICTORIA BENITEZ,522052856,marbenitez,marbenitez@mail.com,3066907855,CRA 18 # 65 - 68
LORENA DURAN,830201767,lorduran,lorduran@mail.com,3503531632,CLL 107 # 34 - 27
ANGELES IBA•EZ,889265814,angibaœez,angibaœez@mail.com,3239062313,CLL 68 # 90 - 14
ANA BELEN ARIAS,531019433,anaarias,anaarias@mail.com,3346908241,CRA 136 # 144 - 10
MARIA ELENA MORA,933172075,marmora,marmora@mail.com,3454425469,CLL 47 # 114 - 51
MARIA ROSA FERRER,798433896,marferrer,marferrer@mail.com,3050527753,CLL 68 # 74 - 67
VICTORIA CARMONA,155053498,viccarmona,viccarmona@mail.com,3128643938,CRA 144 # 110 - 47
MARIA CONCEPCION VICENTE,1170385463,marvicente,marvicente@mail.com,3155590246,CLL 25 # 1 - 25
ALEJANDRA ROJAS,812420842,alerojas,alerojas@mail.com,3251847889,CLL 120 # 89 - 2
AMPARO SOTO,141333629,ampsoto,ampsoto@mail.com,3084121409,CRA 72 # 38 - 53
MARIA ANTONIA CRESPO,1144824016,marcrespo,marcrespo@mail.com,3218694616,CLL 92 # 18 - 22
LIDIA ROMAN,146127308,lidroman,lidroman@mail.com,3432727941,CLL 116 # 118 - 6
CELIA PASTOR,274420453,celpastor,celpastor@mail.com,3380325191,CRA 26 # 145 - 8
CATALINA VELASCO,839495323,catvelasco,catvelasco@mail.com,3318422175,CLL 113 # 116 - 26
FATIMA PARRA,125662695,fatparra,fatparra@mail.com,3397080743,CLL 49 # 110 - 29
MARIA NIEVES SAEZ,575586420,marsaez,marsaez@mail.com,3240825593,CRA 43 # 145 - 50
AINHOA MOYA,934528929,ainmoya,ainmoya@mail.com,3208942756,CLL 116 # 22 - 17
OLGA BRAVO,1115071659,olgbravo,olgbravo@mail.com,3508781702,CLL 54 # 129 - 25
CLARA RIVERA,256201237,clarivera,clarivera@mail.com,3040378593,CRA 119 # 15 - 31
CONSUELO GALLARDO,345109537,congallardo,congallardo@mail.com,3393090130,CLL 20 # 128 - 16
MARIA CRISTINA GARCIA,308581348,margarcia,margarcia@mail.com,3215423251,CLL 26 # 79 - 69
ADRIANA RODRIGUEZ,1041387537,adrrodriguez,adrrodriguez@mail.com,3283935226,CRA 17 # 69 - 75
GLORIA GONZALEZ,193327739,glogonzalez,glogonzalez@mail.com,3358503275,CLL 138 # 26 - 61
MARIA SOLEDAD FERNANDEZ,820939401,marfernandez,marfernandez@mail.com,3306095368,CLL 112 # 83 - 17
ANTONIO LOPEZ,125560833,antlopez,antlopez@mail.com,3351126852,CRA 15 # 11 - 65
MANUEL MARTINEZ,316044068,manmartinez,manmartinez@mail.com,3012164265,CLL 89 # 19 - 40
JOSE SANCHEZ,141771287,jossanchez,jossanchez@mail.com,3462000272,CLL 94 # 57 - 2
FRANCISCO PEREZ,627997681,fraperez,fraperez@mail.com,3012182884,CRA 70 # 31 - 26
DAVID GOMEZ,1173969697,davgomez,davgomez@mail.com,3161182884,CLL 136 # 58 - 27
JUAN MARTIN,773761400,juamartin,juamartin@mail.com,3358824703,CLL 65 # 28 - 53
JAVIER JIMENEZ,581692234,javjimenez,javjimenez@mail.com,3385315588,CRA 64 # 94 - 62
DANIEL HERNANDEZ,946775278,danhernandez,danhernandez@mail.com,3252791501,CLL 110 # 65 - 15
JOSE ANTONIO RUIZ,807671473,josruiz,josruiz@mail.com,3014066577,CLL 55 # 85 - 41
FRANCISCO JAVIER DIAZ,123198975,fradiaz,fradiaz@mail.com,3372272772,CRA 1 # 85 - 61
JOSE LUIS MORENO,1009737765,josmoreno,josmoreno@mail.com,3443667943,CLL 142 # 132 - 52
CARLOS MU•OZ,895115693,carmuœoz,carmuœoz@mail.com,3446066773,CLL 10 # 56 - 52
ALEJANDRO ALVAREZ,535637862,alealvarez,alealvarez@mail.com,3405811039,CRA 117 # 32 - 4
JESUS ROMERO,888471590,jesromero,jesromero@mail.com,3345292347,CLL 114 # 75 - 23
MIGUEL GUTIERREZ,1026162045,miggutierrez,miggutierrez@mail.com,3477230330,CLL 21 # 60 - 37
JOSE MANUEL ALONSO,83136685,josalonso,josalonso@mail.com,3237125121,CRA 58 # 96 - 45
MIGUEL ANGEL NAVARRO,874510693,mignavarro,mignavarro@mail.com,3251412273,CLL 143 # 56 - 12
RAFAEL TORRES,396090288,raftorres,raftorres@mail.com,3109285012,CLL 36 # 141 - 62
PABLO DOMINGUEZ,1176601701,pabdominguez,pabdominguez@mail.com,3374793648,CRA 74 # 30 - 12
PEDRO RAMOS,373834963,pedramos,pedramos@mail.com,3366577626,CLL 21 # 8 - 54
ANGEL VAZQUEZ,701805575,angvazquez,angvazquez@mail.com,3394049954,CLL 55 # 17 - 51
SERGIO RAMIREZ,59902289,serramirez,serramirez@mail.com,3501837791,CRA 115 # 133 - 62
FERNANDO GIL,348959417,fergil,fergil@mail.com,3089244498,CLL 63 # 127 - 21
JOSE MARIA SERRANO,628782954,josserrano,josserrano@mail.com,3439936577,CLL 18 # 58 - 12
JORGE MORALES,813918877,jormorales,jormorales@mail.com,3426190817,CRA 75 # 52 - 14
LUIS MOLINA,317809289,luimolina,luimolina@mail.com,3474070539,CLL 140 # 9 - 18
ALBERTO BLANCO,135636618,albblanco,albblanco@mail.com,3447035718,CLL 60 # 8 - 42
ALVARO SUAREZ,1110551264,alvsuarez,alvsuarez@mail.com,3159356461,CRA 45 # 89 - 59
JUAN CARLOS CASTRO,1041240236,juacastro,juacastro@mail.com,3486345499,CLL 113 # 117 - 24
ADRIAN ORTEGA,445403716,adrortega,adrortega@mail.com,3495631062,CLL 107 # 144 - 72
DIEGO DELGADO,886880854,diedelgado,diedelgado@mail.com,3072702945,CRA 128 # 86 - 59
JUAN JOSE ORTIZ,469855495,juaortiz,juaortiz@mail.com,3154866782,CLL 44 # 133 - 25
RAUL MARIN,904744522,raumarin,raumarin@mail.com,3288315468,CLL 118 # 92 - 29
IVAN RUBIO,59305600,ivarubio,ivarubio@mail.com,3425006776,CRA 1 # 61 - 16
RUBEN NU•EZ,692341619,rubnuœez,rubnuœez@mail.com,3216496668,CLL 78 # 3 - 27
JUAN ANTONIO MEDINA,589761467,juamedina,juamedina@mail.com,3449417034,CLL 99 # 58 - 12
OSCAR SANZ,180191761,oscsanz,oscsanz@mail.com,3085308234,CRA 62 # 112 - 36
ENRIQUE CASTILLO,1131534229,enrcastillo,enrcastillo@mail.com,3062003899,CLL 33 # 72 - 44
RAMON IGLESIAS,951135423,ramiglesias,ramiglesias@mail.com,3424276155,CLL 77 # 102 - 5
ANDRES CORTES,484779491,andcortes,andcortes@mail.com,3444398248,CRA 69 # 28 - 23
JUAN MANUEL GARRIDO,602690409,juagarrido,juagarrido@mail.com,3489625261,CLL 6 # 73 - 53
SANTIAGO SANTOS,399396216,sansantos,sansantos@mail.com,3462070880,CLL 95 # 62 - 39
VICENTE GUERRERO,92876793,vicguerrero,vicguerrero@mail.com,3323592045,CRA 117 # 83 - 46
MARIO LOZANO,944336208,marlozano,marlozano@mail.com,3502634175,CLL 126 # 142 - 42
VICTOR CANO,916919754,viccano,viccano@mail.com,3327760221,CLL 19 # 63 - 74
JOAQUIN CRUZ,470077810,joacruz,joacruz@mail.com,3112660838,CRA 132 # 88 - 48
EDUARDO MENDEZ,383860446,edumendez,edumendez@mail.com,3098611745,CLL 91 # 66 - 24
ROBERTO FLORES,1117026574,robflores,robflores@mail.com,3294196589,CLL 122 # 127 - 42
MARCOS PRIETO,60710367,marprieto,marprieto@mail.com,3258310380,CRA 17 # 125 - 50
JAIME HERRERA,211793915,jaiherrera,jaiherrera@mail.com,3257639125,CLL 89 # 94 - 40
FRANCISCO JOSE PE•A,950132165,frapeœa,frapeœa@mail.com,3224715056,CLL 38 # 78 - 16
HUGO LEON,512600733,hugleon,hugleon@mail.com,3000281160,CRA 144 # 111 - 36
IGNACIO MARQUEZ,995902268,ignmarquez,ignmarquez@mail.com,3060717021,CLL 92 # 29 - 52
JORDI CABRERA,1063221792,jorcabrera,jorcabrera@mail.com,3376081646,CLL 118 # 73 - 19
ALFONSO GALLEGO,911886090,alfgallego,alfgallego@mail.com,3127564577,CRA 55 # 140 - 6
RICARDO CALVO,303882722,riccalvo,riccalvo@mail.com,3207697547,CLL 78 # 45 - 19
SALVADOR VIDAL,530757189,salvidal,salvidal@mail.com,3394730309,CLL 115 # 15 - 48
MARC CAMPOS,173301411,marcampos,marcampos@mail.com,3412968164,CRA 1 # 68 - 75
GUILLERMO REYES,175537244,guireyes,guireyes@mail.com,3149666028,CLL 26 # 56 - 50
MOHAMED VEGA,117393117,mohvega,mohvega@mail.com,3264021344,CLL 73 # 123 - 2
GABRIEL FUENTES,631797734,gabfuentes,gabfuentes@mail.com,3458593036,CRA 97 # 49 - 36
MARTIN CARRASCO,669619800,marcarrasco,marcarrasco@mail.com,3450247417,CLL 105 # 118 - 66
GONZALO DIEZ,820366158,gondiez,gondiez@mail.com,3175907838,CLL 102 # 105 - 47
EMILIO AGUILAR,112557519,emiaguilar,emiaguilar@mail.com,3019035111,CRA 6 # 77 - 30
JOSE MIGUEL CABALLERO,955231095,joscaballero,joscaballero@mail.com,3034738084,CLL 139 # 78 - 8
JULIO NIETO,399288617,julnieto,julnieto@mail.com,3051450442,CLL 126 # 129 - 35
JULIAN SANTANA,802870774,julsantana,julsantana@mail.com,3306718331,CRA 106 # 136 - 19
TOMAS VARGAS,1042492186,tomvargas,tomvargas@mail.com,3301654346,CLL 18 # 110 - 66
NICOLAS PASCUAL,599500155,nicpascual,nicpascual@mail.com,3479794426,CLL 79 # 131 - 23
AGUSTIN GIMENEZ,1111572236,agugimenez,agugimenez@mail.com,3332395976,CRA 117 # 101 - 61
LUCAS HERRERO,498376643,lucherrero,lucherrero@mail.com,3286056160,CLL 112 # 1 - 44
SAMUEL HIDALGO,294063048,samhidalgo,samhidalgo@mail.com,3490457993,CLL 53 # 132 - 9
JOSE RAMON MONTERO,199413836,josmontero,josmontero@mail.com,3061377307,CRA 138 # 69 - 3
ISMAEL LORENZO,188607549,ismlorenzo,ismlorenzo@mail.com,3086015553,CLL 77 # 93 - 4
CRISTIAN SANTIAGO,432939511,crisantiago,crisantiago@mail.com,3005157001,CLL 60 # 105 - 50
JOAN BENITEZ,1047059106,joabenitez,joabenitez@mail.com,3342433243,CRA 140 # 86 - 40
AITOR DURAN,951031808,aitduran,aitduran@mail.com,3230811125,CLL 38 # 58 - 2
FELIX IBA•EZ,110416756,felibaœez,felibaœez@mail.com,3032581048,CLL 91 # 38 - 45
HECTOR ARIAS,219031131,hecarias,hecarias@mail.com,3394110347,CRA 70 # 1 - 43
ALEX MORA,343494878,alemora,alemora@mail.com,3461034849,CLL 32 # 71 - 57
IKER FERRER,627528534,ikeferrer,ikeferrer@mail.com,3390549053,CLL 64 # 68 - 59
JUAN FRANCISCO CARMONA,108415278,juacarmona,juacarmona@mail.com,3003561529,CRA 133 # 35 - 10
JOSE CARLOS VICENTE,376936828,josvicente,josvicente@mail.com,3105113768,CLL 48 # 45 - 39
MATEO ROJAS,93672945,matrojas,matrojas@mail.com,3084116015,CLL 95 # 92 - 55
SEBASTIAN SOTO,1080756577,sebsoto,sebsoto@mail.com,3321161633,CRA 18 # 145 - 48
CESAR CRESPO,703311636,cescrespo,cescrespo@mail.com,3207354283,CLL 80 # 95 - 55
JOSEP ROMAN,715346578,josroman,josroman@mail.com,3326857928,CLL 138 # 111 - 72
ALFREDO PASTOR,445205568,alfpastor,alfpastor@mail.com,3461861349,CRA 52 # 44 - 56
MARIANO VELASCO,90174135,marvelasco,marvelasco@mail.com,3466757477,CLL 22 # 87 - 56
RODRIGO PARRA,1090550853,rodparra,rodparra@mail.com,3095159644,CLL 95 # 126 - 39
JOSE ANGEL SAEZ,820299758,jossaez,jossaez@mail.com,3490219899,CRA 9 # 27 - 74
DOMINGO MOYA,1097995297,dommoya,dommoya@mail.com,3242217532,CLL 144 # 60 - 57
VICTOR MANUEL BRAVO,630441915,vicbravo,vicbravo@mail.com,3218423335,CLL 131 # 87 - 5
JOSE IGNACIO RIVERA,677671905,josrivera,josrivera@mail.com,3020736211,CRA 78 # 28 - 32
FELIPE GALLARDO,125102397,felgallardo,felgallardo@mail.com,3170379477,CLL 144 # 49 - 54
LUIS MIGUEL GARCIA,989793519,luigarcia,luigarcia@mail.com,3254292342,CLL 142 # 116 - 22
JOSE FRANCISCO RODRIGUEZ,698124362,josrodriguez,josrodriguez@mail.com,3363424174,CRA 34 # 95 - 42
XAVIER GONZALEZ,703282708,xavgonzalez,xavgonzalez@mail.com,3230964976,CLL 78 # 94 - 1
ALBERT FERNANDEZ,430217005,albfernandez,albfernandez@mail.com,3443081002,CLL 85 # 99 - 69
JUAN LUIS LOPEZ,380146762,jualopez,jualopez@mail.com,3148876844,CRA 126 # 137 - 22
MARIA CARMEN MARTINEZ,645225866,marmartinez,marmartinez@mail.com,3251519259,CLL 103 # 118 - 27
MARIA SANCHEZ,210435858,marsanchez,marsanchez@mail.com,3419833005,CLL 57 # 117 - 37
CARMEN PEREZ,1060365311,carperez,carperez@mail.com,3255319499,CRA 118 # 128 - 28
ANA MARIA GOMEZ,605058336,anagomez,anagomez@mail.com,3442423323,CLL 48 # 134 - 72
LAURA MARTIN,992845446,laumartin,laumartin@mail.com,3011535167,CLL 124 # 55 - 33
MARIA PILAR JIMENEZ,943615137,marjimenez,marjimenez@mail.com,3388091308,CRA 77 # 142 - 38
MARIA DOLORES HERNANDEZ,624718696,marhernandez,marhernandez@mail.com,3355815404,CLL 61 # 58 - 4
ISABEL RUIZ,888139375,isaruiz,isaruiz@mail.com,3182315849,CLL 12 # 68 - 30
JOSEFA DIAZ,420228123,josdiaz,josdiaz@mail.com,3144413583,CRA 18 # 74 - 6
MARIA TERESA MORENO,164056274,marmoreno,marmoreno@mail.com,3459769391,CLL 48 # 137 - 73
ANA MU•OZ,1186991864,anamuœoz,anamuœoz@mail.com,3068939840,CLL 91 # 18 - 10
MARTA ALVAREZ,632409646,maralvarez,maralvarez@mail.com,3472866182,CRA 80 # 22 - 7
CRISTINA ROMERO,676921343,criromero,criromero@mail.com,3058098125,CLL 65 # 130 - 44
MARIA ANGELES GUTIERREZ,253865095,margutierrez,margutierrez@mail.com,3196188993,CLL 58 # 2 - 20
LUCIA ALONSO,833064677,lucalonso,lucalonso@mail.com,3161824815,CRA 116 # 42 - 25
MARIA ISABEL NAVARRO,1095633891,marnavarro,marnavarro@mail.com,3225993667,CLL 27 # 67 - 27
MARIA JOSE TORRES,116481993,martorres,martorres@mail.com,3104479881,CLL 94 # 93 - 8
FRANCISCA DOMINGUEZ,1157832588,fradominguez,fradominguez@mail.com,3088253977,CRA 25 # 61 - 69
ANTONIA RAMOS,420652504,antramos,antramos@mail.com,3377363962,CLL 138 # 61 - 48
DOLORES VAZQUEZ,716424749,dolvazquez,dolvazquez@mail.com,3202256195,CLL 76 # 50 - 28
PAULA RAMIREZ,902733417,pauramirez,pauramirez@mail.com,3264794692,CRA 67 # 107 - 17
SARA GIL,985933977,sargil,sargil@mail.com,3222560428,CLL 125 # 123 - 5
ELENA SERRANO,643594844,eleserrano,eleserrano@mail.com,3354957029,CLL 49 # 28 - 49
MARIA LUISA MORALES,922110317,marmorales,marmorales@mail.com,3363630177,CRA 124 # 42 - 3
RAQUEL MOLINA,277170761,raqmolina,raqmolina@mail.com,3118403210,CLL 114 # 145 - 16
ROSA MARIA BLANCO,1046155238,rosblanco,rosblanco@mail.com,3236641360,CLL 29 # 18 - 72
MANUELA SUAREZ,196550431,mansuarez,mansuarez@mail.com,3324810033,CRA 85 # 52 - 39
MARIA JESUS CASTRO,56216463,marcastro,marcastro@mail.com,3211900273,CLL 123 # 53 - 29
PILAR ORTEGA,709824318,pilortega,pilortega@mail.com,3245488322,CLL 143 # 57 - 1
CONCEPCION DELGADO,802238080,condelgado,condelgado@mail.com,3263178155,CRA 105 # 84 - 26
MERCEDES ORTIZ,113223781,merortiz,merortiz@mail.com,3108056703,CLL 39 # 1 - 49
JULIA MARIN,521205307,julmarin,julmarin@mail.com,3169667444,CLL 37 # 135 - 40
BEATRIZ RUBIO,686396847,bearubio,bearubio@mail.com,3299874669,CRA 52 # 111 - 3
ALBA NU•EZ,1035919777,albnuœez,albnuœez@mail.com,3440178826,CLL 138 # 45 - 8
SILVIA MEDINA,890366339,silmedina,silmedina@mail.com,3087509114,CLL 23 # 22 - 43
NURIA SANZ,1000298426,nursanz,nursanz@mail.com,3295909091,CRA 45 # 32 - 16
IRENE CASTILLO,1134736246,irecastillo,irecastillo@mail.com,3001789562,CLL 57 # 18 - 5
PATRICIA IGLESIAS,815818743,patiglesias,patiglesias@mail.com,3241389712,CLL 11 # 94 - 47
ROSARIO CORTES,117467222,roscortes,roscortes@mail.com,3465940529,CRA 76 # 109 - 75
JUANA GARRIDO,469746218,juagarrido,juagarrido@mail.com,3406911991,CLL 72 # 132 - 75
ROCIO SANTOS,209718397,rocsantos,rocsantos@mail.com,3339852467,CLL 14 # 97 - 36
ANDREA GUERRERO,877102383,andguerrero,andguerrero@mail.com,3409821505,CRA 16 # 141 - 75
TERESA LOZANO,919467288,terlozano,terlozano@mail.com,3390115399,CLL 79 # 15 - 16
ENCARNACION CANO,497025095,enccano,enccano@mail.com,3072943567,CLL 84 # 52 - 63
MONTSERRAT CRUZ,644473473,moncruz,moncruz@mail.com,3045393179,CRA 118 # 12 - 73
MONICA MENDEZ,1105573595,monmendez,monmendez@mail.com,3328148709,CLL 126 # 96 - 66
ALICIA FLORES,441534459,aliflores,aliflores@mail.com,3043926182,CLL 36 # 43 - 35
MARIA MAR PRIETO,534002749,marprieto,marprieto@mail.com,3271974793,CRA 27 # 142 - 55
SANDRA HERRERA,727509430,sanherrera,sanherrera@mail.com,3459394996,CLL 65 # 71 - 73
SONIA PE•A,81703262,sonpeœa,sonpeœa@mail.com,3460686064,CLL 109 # 44 - 10
MARINA LEON,162959751,marleon,marleon@mail.com,3278405051,CRA 32 # 137 - 9
SUSANA MARQUEZ,755780381,susmarquez,susmarquez@mail.com,3460794929,CLL 55 # 33 - 74
ANGELA CABRERA,1005450362,angcabrera,angcabrera@mail.com,3390782877,CLL 36 # 125 - 44
NATALIA GALLEGO,512629050,natgallego,natgallego@mail.com,3270051955,CRA 77 # 120 - 49
ROSA CALVO,782945363,roscalvo,roscalvo@mail.com,3134183071,CLL 21 # 31 - 37
YOLANDA VIDAL,69586118,yolvidal,yolvidal@mail.com,3353676531,CLL 75 # 71 - 48
SOFIA CAMPOS,41980247,sofcampos,sofcampos@mail.com,3324148520,CRA 54 # 48 - 29
CLAUDIA REYES,1001148214,clareyes,clareyes@mail.com,3151382377,CLL 22 # 101 - 45
MARGARITA VEGA,1167177574,marvega,marvega@mail.com,3283482580,CLL 3 # 27 - 51
MARIA JOSEFA FUENTES,703798410,marfuentes,marfuentes@mail.com,3292834878,CRA 116 # 102 - 51
CARLA CARRASCO,780822351,carcarrasco,carcarrasco@mail.com,3210394975,CLL 23 # 14 - 46
EVA DIEZ,440989453,evadiez,evadiez@mail.com,3496458454,CLL 103 # 15 - 64
INMACULADA AGUILAR,244997491,inmaguilar,inmaguilar@mail.com,3483900429,CRA 130 # 57 - 37
MARIA ROSARIO CABALLERO,1042366223,marcaballero,marcaballero@mail.com,3097372091,CLL 52 # 21 - 13
MARIA MERCEDES NIETO,748425145,marnieto,marnieto@mail.com,3095129403,CLL 74 # 141 - 64
ANA ISABEL SANTANA,978238091,anasantana,anasantana@mail.com,3433590799,CRA 31 # 109 - 65
NOELIA VARGAS,1103234045,noevargas,noevargas@mail.com,3428793602,CLL 32 # 108 - 17
ESTHER PASCUAL,1060008542,estpascual,estpascual@mail.com,3212891847,CLL 137 # 73 - 42
VERONICA GIMENEZ,424780640,vergimenez,vergimenez@mail.com,3287802176,CRA 34 # 85 - 57
DANIELA HERRERO,148963720,danherrero,danherrero@mail.com,3038524899,CLL 94 # 69 - 59
NEREA HIDALGO,1186845928,nerhidalgo,nerhidalgo@mail.com,3299642795,CLL 110 # 40 - 50
CAROLINA MONTERO,459167404,carmontero,carmontero@mail.com,3483696441,CRA 48 # 138 - 20
INES LORENZO,1196508099,inelorenzo,inelorenzo@mail.com,3342072277,CLL 28 # 69 - 60
MIRIAM SANTIAGO,1036349038,mirsantiago,mirsantiago@mail.com,3242117543,CLL 54 # 80 - 29
EVA MARIA BENITEZ,1105617721,evabenitez,evabenitez@mail.com,3417491549,CRA 36 # 60 - 61
MARTINA DURAN,382553342,marduran,marduran@mail.com,3474612195,CLL 48 # 142 - 65
MARIA VICTORIA IBA•EZ,578560679,maribaœez,maribaœez@mail.com,3025420551,CLL 16 # 16 - 4
LORENA ARIAS,599394444,lorarias,lorarias@mail.com,3290992810,CRA 75 # 44 - 29
ANGELES MORA,1007515092,angmora,angmora@mail.com,3396922060,CLL 83 # 25 - 57
ANA BELEN FERRER,219405924,anaferrer,anaferrer@mail.com,3492134746,CLL 107 # 141 - 66
MARIA ELENA CARMONA,219551059,marcarmona,marcarmona@mail.com,3318321779,CRA 119 # 74 - 7
MARIA ROSA VICENTE,884237026,marvicente,marvicente@mail.com,3037854530,CLL 30 # 39 - 70
VICTORIA ROJAS,824700444,vicrojas,vicrojas@mail.com,3018238483,CLL 99 # 83 - 9
MARIA CONCEPCION SOTO,455634768,marsoto,marsoto@mail.com,3133438648,CRA 10 # 77 - 30
ALEJANDRA CRESPO,225852681,alecrespo,alecrespo@mail.com,3093182767,CLL 129 # 14 - 57
AMPARO ROMAN,956156341,amproman,amproman@mail.com,3008056092,CLL 48 # 55 - 33
MARIA ANTONIA PASTOR,907437763,marpastor,marpastor@mail.com,3079786908,CRA 26 # 87 - 57
LIDIA VELASCO,694782875,lidvelasco,lidvelasco@mail.com,3245604650,CLL 17 # 139 - 34
CELIA PARRA,767214285,celparra,celparra@mail.com,3079011750,CLL 68 # 54 - 64
CATALINA SAEZ,402939495,catsaez,catsaez@mail.com,3227343841,CRA 57 # 25 - 11
FATIMA MOYA,132195648,fatmoya,fatmoya@mail.com,3421853333,CLL 11 # 1 - 53
MARIA NIEVES BRAVO,527826823,marbravo,marbravo@mail.com,3376250506,CLL 56 # 18 - 24
AINHOA RIVERA,947573189,ainrivera,ainrivera@mail.com,3061813597,CRA 13 # 118 - 24
OLGA GALLARDO,210797552,olggallardo,olggallardo@mail.com,3304666318,CLL 42 # 76 - 65
CLARA GARCIA,908504500,clagarcia,clagarcia@mail.com,3363271651,CLL 3 # 64 - 41
CONSUELO RODRIGUEZ,158104884,conrodriguez,conrodriguez@mail.com,3493060396,CRA 89 # 59 - 55
MARIA CRISTINA GONZALEZ,1080243378,margonzalez,margonzalez@mail.com,3243700305,CLL 10 # 3 - 33
ADRIANA FERNANDEZ,385759087,adrfernandez,adrfernandez@mail.com,3006775596,CLL 51 # 62 - 73
GLORIA LOPEZ,886068550,glolopez,glolopez@mail.com,3035348905,CRA 65 # 103 - 25
MARIA SOLEDAD MARTINEZ,808023342,marmartinez,marmartinez@mail.com,3063085244,CLL 9 # 144 - 71
ANTONIO SANCHEZ,637555251,antsanchez,antsanchez@mail.com,3333299375,CLL 90 # 103 - 28
MANUEL PEREZ,539143662,manperez,manperez@mail.com,3030246987,CRA 26 # 97 - 65
JOSE GOMEZ,918142447,josgomez,josgomez@mail.com,3085614598,CLL 118 # 100 - 42
FRANCISCO MARTIN,410884842,framartin,framartin@mail.com,3485309020,CLL 127 # 13 - 37
DAVID JIMENEZ,85457703,davjimenez,davjimenez@mail.com,3417183517,CRA 40 # 134 - 73
JUAN HERNANDEZ,1051738813,juahernandez,juahernandez@mail.com,3499314412,CLL 97 # 1 - 41
JAVIER RUIZ,928917109,javruiz,javruiz@mail.com,3492195738,CLL 101 # 84 - 72
DANIEL DIAZ,1140087602,dandiaz,dandiaz@mail.com,3246103695,CRA 66 # 68 - 44
JOSE ANTONIO MORENO,408626423,josmoreno,josmoreno@mail.com,3089242329,CLL 17 # 64 - 14
FRANCISCO JAVIER MU•OZ,482998456,framuœoz,framuœoz@mail.com,3049365727,CLL 130 # 101 - 1
JOSE LUIS ALVAREZ,1026653031,josalvarez,josalvarez@mail.com,3391937609,CRA 33 # 74 - 10
CARLOS ROMERO,910994526,carromero,carromero@mail.com,3497764415,CLL 59 # 131 - 1
ALEJANDRO GUTIERREZ,436368190,alegutierrez,alegutierrez@mail.com,3256491248,CLL 82 # 23 - 10
JESUS ALONSO,478565842,jesalonso,jesalonso@mail.com,3161863221,CRA 144 # 66 - 66
MIGUEL NAVARRO,117849410,mignavarro,mignavarro@mail.com,3233457432,CLL 128 # 37 - 48
JOSE MANUEL TORRES,381981784,jostorres,jostorres@mail.com,3486648657,CLL 26 # 120 - 70
MIGUEL ANGEL DOMINGUEZ,442328572,migdominguez,migdominguez@mail.com,3020715747,CRA 66 # 131 - 53
RAFAEL RAMOS,719103481,raframos,raframos@mail.com,3362647408,CLL 121 # 86 - 65
PABLO VAZQUEZ,907721359,pabvazquez,pabvazquez@mail.com,3290361047,CLL 113 # 76 - 27
PEDRO RAMIREZ,1075728438,pedramirez,pedramirez@mail.com,3457392682,CRA 22 # 49 - 31
ANGEL GIL,1145909541,anggil,anggil@mail.com,3422078427,CLL 44 # 4 - 30
SERGIO SERRANO,883767445,serserrano,serserrano@mail.com,3491892270,CLL 120 # 101 - 74
FERNANDO MORALES,879915015,fermorales,fermorales@mail.com,3424098866,CRA 91 # 73 - 24
JOSE MARIA MOLINA,848459403,josmolina,josmolina@mail.com,3019078633,CLL 14 # 22 - 65
JORGE BLANCO,939315119,jorblanco,jorblanco@mail.com,3275278519,CLL 109 # 89 - 45
LUIS SUAREZ,431824206,luisuarez,luisuarez@mail.com,3320743357,CRA 34 # 122 - 40
ALBERTO CASTRO,1068151167,albcastro,albcastro@mail.com,3118396658,CLL 2 # 69 - 75
ALVARO ORTEGA,364698014,alvortega,alvortega@mail.com,3082261925,CLL 143 # 44 - 31
JUAN CARLOS DELGADO,839219695,juadelgado,juadelgado@mail.com,3304194608,CRA 27 # 105 - 41
ADRIAN ORTIZ,521223955,adrortiz,adrortiz@mail.com,3404475578,CLL 55 # 123 - 74
DIEGO MARIN,282255736,diemarin,diemarin@mail.com,3292531318,CLL 74 # 66 - 24
JUAN JOSE RUBIO,1039447045,juarubio,juarubio@mail.com,3283328936,CRA 141 # 121 - 11
RAUL NU•EZ,965993712,raunuœez,raunuœez@mail.com,3137219951,CLL 76 # 76 - 9
IVAN MEDINA,719330051,ivamedina,ivamedina@mail.com,3304133171,CLL 116 # 22 - 24
RUBEN SANZ,194508452,rubsanz,rubsanz@mail.com,3398553712,CRA 135 # 10 - 17
JUAN ANTONIO CASTILLO,927310199,juacastillo,juacastillo@mail.com,3062359156,CLL 69 # 114 - 60
OSCAR IGLESIAS,759328743,osciglesias,osciglesias@mail.com,3323146103,CLL 96 # 48 - 25
ENRIQUE CORTES,710594057,enrcortes,enrcortes@mail.com,3402058781,CRA 121 # 95 - 52
RAMON GARRIDO,191797731,ramgarrido,ramgarrido@mail.com,3478557088,CLL 144 # 132 - 56
ANDRES SANTOS,939127499,andsantos,andsantos@mail.com,3032323187,CLL 73 # 141 - 36
JUAN MANUEL GUERRERO,1062420258,juaguerrero,juaguerrero@mail.com,3205772398,CRA 114 # 29 - 20
SANTIAGO LOZANO,1187490410,sanlozano,sanlozano@mail.com,3422512373,CLL 17 # 95 - 39
VICENTE CANO,436409655,viccano,viccano@mail.com,3168978794,CLL 100 # 135 - 7
MARIO CRUZ,1110819801,marcruz,marcruz@mail.com,3042096965,CRA 96 # 119 - 43
VICTOR MENDEZ,1055884923,vicmendez,vicmendez@mail.com,3256534951,CLL 67 # 72 - 43
JOAQUIN FLORES,261210116,joaflores,joaflores@mail.com,3320457116,CLL 130 # 23 - 5
EDUARDO PRIETO,703121190,eduprieto,eduprieto@mail.com,3464895944,CRA 52 # 66 - 27
ROBERTO HERRERA,523139970,robherrera,robherrera@mail.com,3317594252,CLL 67 # 99 - 10
MARCOS PE•A,909945108,marpeœa,marpeœa@mail.com,3357858090,CLL 142 # 123 - 61
JAIME LEON,331546328,jaileon,jaileon@mail.com,3147183842,CRA 10 # 19 - 8
FRANCISCO JOSE MARQUEZ,801602358,framarquez,framarquez@mail.com,3474195813,CLL 124 # 33 - 13
HUGO CABRERA,1006390082,hugcabrera,hugcabrera@mail.com,3275262859,CLL 98 # 119 - 59
IGNACIO GALLEGO,1081565695,igngallego,igngallego@mail.com,3430412345,CRA 28 # 118 - 40
JORDI CALVO,759392021,jorcalvo,jorcalvo@mail.com,3278942378,CLL 77 # 120 - 74
ALFONSO VIDAL,402743417,alfvidal,alfvidal@mail.com,3397874291,CLL 9 # 87 - 75
RICARDO CAMPOS,938391952,riccampos,riccampos@mail.com,3184414614,CRA 29 # 6 - 75
SALVADOR REYES,834278611,salreyes,salreyes@mail.com,3076736811,CLL 38 # 69 - 75
MARC VEGA,177534846,marvega,marvega@mail.com,3300783435,CLL 101 # 44 - 29
GUILLERMO FUENTES,125015434,guifuentes,guifuentes@mail.com,3163397657,CRA 67 # 25 - 72
MOHAMED CARRASCO,839741633,mohcarrasco,mohcarrasco@mail.com,3460337344,CLL 104 # 77 - 22
GABRIEL DIEZ,510372690,gabdiez,gabdiez@mail.com,3036840554,CLL 79 # 103 - 55
MARTIN AGUILAR,1124238746,maraguilar,maraguilar@mail.com,3300846670,CRA 56 # 96 - 57
GONZALO CABALLERO,432979407,goncaballero,goncaballero@mail.com,3334933185,CLL 134 # 45 - 43
EMILIO NIETO,301478961,eminieto,eminieto@mail.com,3373961614,CLL 132 # 79 - 71
JOSE MIGUEL SANTANA,756152743,jossantana,jossantana@mail.com,3080458936,CRA 29 # 58 - 16
JULIO VARGAS,582522544,julvargas,julvargas@mail.com,3172533249,CLL 25 # 141 - 7
JULIAN PASCUAL,656468309,julpascual,julpascual@mail.com,3107667111,CLL 52 # 82 - 60
TOMAS GIMENEZ,1191605824,tomgimenez,tomgimenez@mail.com,3016884921,CRA 118 # 55 - 52
NICOLAS HERRERO,559989696,nicherrero,nicherrero@mail.com,3362081451,CLL 24 # 35 - 4
AGUSTIN HIDALGO,539036266,aguhidalgo,aguhidalgo@mail.com,3473397876,CLL 132 # 19 - 63
LUCAS MONTERO,937821798,lucmontero,lucmontero@mail.com,3273905442,CRA 78 # 8 - 29
SAMUEL LORENZO,474210504,samlorenzo,samlorenzo@mail.com,3127107491,CLL 104 # 128 - 53
JOSE RAMON SANTIAGO,646109136,jossantiago,jossantiago@mail.com,3242292685,CLL 116 # 23 - 11
ISMAEL BENITEZ,374637479,ismbenitez,ismbenitez@mail.com,3138720939,CRA 7 # 26 - 30
CRISTIAN DURAN,671720540,criduran,criduran@mail.com,3346538941,CLL 11 # 67 - 17
JOAN IBA•EZ,999377790,joaibaœez,joaibaœez@mail.com,3499142568,CLL 58 # 117 - 51
AITOR ARIAS,270499463,aitarias,aitarias@mail.com,3108956292,CRA 38 # 116 - 18
FELIX MORA,218766259,felmora,felmora@mail.com,3369719026,CLL 81 # 39 - 63
HECTOR FERRER,402923561,hecferrer,hecferrer@mail.com,3041273895,CLL 135 # 41 - 20
ALEX CARMONA,109787760,alecarmona,alecarmona@mail.com,3430564738,CRA 142 # 128 - 16
IKER VICENTE,338344752,ikevicente,ikevicente@mail.com,3470709961,CLL 31 # 26 - 12
JUAN FRANCISCO ROJAS,758609554,juarojas,juarojas@mail.com,3464698230,CLL 116 # 60 - 66
JOSE CARLOS SOTO,896149442,jossoto,jossoto@mail.com,3381995507,CRA 48 # 125 - 47
MATEO CRESPO,768774426,matcrespo,matcrespo@mail.com,3225885606,CLL 24 # 92 - 6
SEBASTIAN ROMAN,598314442,sebroman,sebroman@mail.com,3281917274,CLL 60 # 6 - 3
CESAR PASTOR,735878810,cespastor,cespastor@mail.com,3092544736,CRA 33 # 33 - 67
JOSEP VELASCO,109348948,josvelasco,josvelasco@mail.com,3285442371,CLL 118 # 37 - 53
ALFREDO PARRA,428929180,alfparra,alfparra@mail.com,3351820855,CLL 116 # 68 - 24
MARIANO SAEZ,910082816,marsaez,marsaez@mail.com,3059553873,CRA 66 # 96 - 66
RODRIGO MOYA,83324910,rodmoya,rodmoya@mail.com,3502909140,CLL 33 # 116 - 21
JOSE ANGEL BRAVO,1188969454,josbravo,josbravo@mail.com,3178305088,CLL 64 # 19 - 14
DOMINGO RIVERA,778497182,domrivera,domrivera@mail.com,3032957002,CRA 106 # 52 - 65
VICTOR MANUEL GALLARDO,1149457456,vicgallardo,vicgallardo@mail.com,3366671314,CLL 4 # 3 - 53
JOSE IGNACIO GARCIA,233160155,josgarcia,josgarcia@mail.com,3061225944,CLL 27 # 25 - 48
FELIPE RODRIGUEZ,532992795,felrodriguez,felrodriguez@mail.com,3499193021,CRA 134 # 111 - 27
LUIS MIGUEL GONZALEZ,107322267,luigonzalez,luigonzalez@mail.com,3228271298,CLL 57 # 32 - 56
JOSE FRANCISCO FERNANDEZ,472746816,josfernandez,josfernandez@mail.com,3072529936,CLL 27 # 130 - 63
XAVIER LOPEZ,157988441,xavlopez,xavlopez@mail.com,3403164239,CRA 33 # 59 - 66
ALBERT MARTINEZ,254924589,albmartinez,albmartinez@mail.com,3053532727,CLL 131 # 3 - 25
JUAN LUIS SANCHEZ,1119125971,juasanchez,juasanchez@mail.com,3020052124,CLL 75 # 73 - 55
MARIA CARMEN PEREZ,379852229,marperez,marperez@mail.com,3314255879,CRA 59 # 131 - 47
MARIA GOMEZ,53917433,margomez,margomez@mail.com,3321414282,CLL 93 # 100 - 69
CARMEN MARTIN,715938557,carmartin,carmartin@mail.com,3000856464,CLL 115 # 77 - 47
ANA MARIA JIMENEZ,1172121808,anajimenez,anajimenez@mail.com,3337361687,CRA 113 # 121 - 36
LAURA HERNANDEZ,181499057,lauhernandez,lauhernandez@mail.com,3181127226,CLL 143 # 142 - 10
MARIA PILAR RUIZ,399319911,marruiz,marruiz@mail.com,3387695718,CLL 102 # 132 - 19
MARIA DOLORES DIAZ,676575078,mardiaz,mardiaz@mail.com,3291590283,CRA 145 # 65 - 4
ISABEL MORENO,337215808,isamoreno,isamoreno@mail.com,3089961074,CLL 117 # 136 - 48
JOSEFA MU•OZ,167035611,josmuœoz,josmuœoz@mail.com,3056470828,CLL 41 # 73 - 23
MARIA TERESA ALVAREZ,225700867,maralvarez,maralvarez@mail.com,3066168662,CRA 132 # 125 - 72
ANA ROMERO,686579822,anaromero,anaromero@mail.com,3028044214,CLL 95 # 35 - 5
MARTA GUTIERREZ,98518306,margutierrez,margutierrez@mail.com,3086234947,CLL 80 # 16 - 42
CRISTINA ALONSO,159314659,crialonso,crialonso@mail.com,3025172241,CRA 15 # 86 - 19
MARIA ANGELES NAVARRO,361721407,marnavarro,marnavarro@mail.com,3334588737,CLL 5 # 75 - 57
LUCIA TORRES,1053352258,luctorres,luctorres@mail.com,3089130676,CLL 58 # 136 - 5
MARIA ISABEL DOMINGUEZ,1157830981,mardominguez,mardominguez@mail.com,3140481220,CRA 42 # 22 - 74
MARIA JOSE RAMOS,1062529320,marramos,marramos@mail.com,3043066048,CLL 83 # 130 - 43
FRANCISCA VAZQUEZ,53474225,fravazquez,fravazquez@mail.com,3431944000,CLL 106 # 50 - 36
ANTONIA RAMIREZ,41260821,antramirez,antramirez@mail.com,3350949002,CRA 90 # 3 - 22
DOLORES GIL,1061873049,dolgil,dolgil@mail.com,3470377678,CLL 143 # 68 - 54
PAULA SERRANO,99524395,pauserrano,pauserrano@mail.com,3150682149,CLL 104 # 25 - 56
SARA MORALES,984209054,sarmorales,sarmorales@mail.com,3304514155,CRA 82 # 134 - 71
ELENA MOLINA,263822681,elemolina,elemolina@mail.com,3042142320,CLL 28 # 89 - 27
MARIA LUISA BLANCO,124538563,marblanco,marblanco@mail.com,3051631878,CLL 106 # 105 - 30
RAQUEL SUAREZ,1142729652,raqsuarez,raqsuarez@mail.com,3132783003,CRA 33 # 116 - 10
ROSA MARIA CASTRO,225119051,roscastro,roscastro@mail.com,3424644154,CLL 70 # 115 - 57
MANUELA ORTEGA,774384770,manortega,manortega@mail.com,3003417442,CLL 2 # 58 - 36
MARIA JESUS DELGADO,270979165,mardelgado,mardelgado@mail.com,3032856697,CRA 13 # 80 - 67
PILAR ORTIZ,1031156111,pilortiz,pilortiz@mail.com,3323743013,CLL 101 # 142 - 74
CONCEPCION MARIN,692533113,conmarin,conmarin@mail.com,3365746948,CLL 80 # 95 - 4
MERCEDES RUBIO,331656132,merrubio,merrubio@mail.com,3487489945,CRA 65 # 57 - 43
JULIA NU•EZ,941221567,julnuœez,julnuœez@mail.com,3137291954,CLL 118 # 7 - 14
BEATRIZ MEDINA,285649163,beamedina,beamedina@mail.com,3019331978,CLL 98 # 41 - 56
ALBA SANZ,209058259,albsanz,albsanz@mail.com,3222127061,CRA 56 # 10 - 54
SILVIA CASTILLO,235887955,silcastillo,silcastillo@mail.com,3129793049,CLL 116 # 133 - 41
NURIA IGLESIAS,995598629,nuriglesias,nuriglesias@mail.com,3156526413,CLL 10 # 128 - 21
IRENE CORTES,1196160221,irecortes,irecortes@mail.com,3244485510,CRA 120 # 34 - 20
PATRICIA GARRIDO,444562378,patgarrido,patgarrido@mail.com,3221686342,CLL 30 # 38 - 74
ROSARIO SANTOS,821292562,rossantos,rossantos@mail.com,3134748788,CLL 4 # 20 - 75
JUANA GUERRERO,137122112,juaguerrero,juaguerrero@mail.com,3490239485,CRA 65 # 138 - 7
ROCIO LOZANO,858819306,roclozano,roclozano@mail.com,3108553598,CLL 145 # 93 - 59
ANDREA CANO,1169834362,andcano,andcano@mail.com,3329992029,CLL 13 # 25 - 23
TERESA CRUZ,1175488370,tercruz,tercruz@mail.com,3061458364,CRA 1 # 65 - 62
ENCARNACION MENDEZ,1060444337,encmendez,encmendez@mail.com,3425991867,CLL 39 # 95 - 48
MONTSERRAT FLORES,532820159,monflores,monflores@mail.com,3189106655,CLL 92 # 86 - 42
MONICA PRIETO,722389457,monprieto,monprieto@mail.com,3205317198,CRA 51 # 145 - 10
ALICIA HERRERA,1107724621,aliherrera,aliherrera@mail.com,3355927295,CLL 140 # 129 - 27
MARIA MAR PE•A,1073292344,marpeœa,marpeœa@mail.com,3371351597,CLL 128 # 141 - 59
SANDRA LEON,977014187,sanleon,sanleon@mail.com,3270561380,CRA 135 # 89 - 3
SONIA MARQUEZ,742748208,sonmarquez,sonmarquez@mail.com,3310024639,CLL 134 # 58 - 64
MARINA CABRERA,989787077,marcabrera,marcabrera@mail.com,3260250734,CLL 11 # 59 - 20
SUSANA GALLEGO,1180476427,susgallego,susgallego@mail.com,3213269532,CRA 61 # 113 - 64
ANGELA CALVO,1152609146,angcalvo,angcalvo@mail.com,3062849790,CLL 60 # 40 - 33
NATALIA VIDAL,1106958745,natvidal,natvidal@mail.com,3496590069,CLL 108 # 77 - 4
ROSA CAMPOS,528750919,roscampos,roscampos@mail.com,3303342085,CRA 43 # 54 - 14
YOLANDA REYES,375537806,yolreyes,yolreyes@mail.com,3175380220,CLL 48 # 82 - 40
SOFIA VEGA,743335642,sofvega,sofvega@mail.com,3458173376,CLL 121 # 111 - 6
CLAUDIA FUENTES,921161666,clafuentes,clafuentes@mail.com,3248208856,CRA 68 # 9 - 7
MARGARITA CARRASCO,778613041,marcarrasco,marcarrasco@mail.com,3500978416,CLL 41 # 111 - 42
MARIA JOSEFA DIEZ,903324706,mardiez,mardiez@mail.com,3097109136,CLL 6 # 27 - 2
CARLA AGUILAR,218775812,caraguilar,caraguilar@mail.com,3246066224,CRA 65 # 128 - 22
EVA CABALLERO,658390361,evacaballero,evacaballero@mail.com,3401685253,CLL 99 # 116 - 52
INMACULADA NIETO,293631866,inmnieto,inmnieto@mail.com,3500257821,CLL 31 # 12 - 56
MARIA ROSARIO SANTANA,1070857997,marsantana,marsantana@mail.com,3339454189,CRA 43 # 53 - 49
MARIA MERCEDES VARGAS,519038951,marvargas,marvargas@mail.com,3134229502,CLL 58 # 33 - 27
ANA ISABEL PASCUAL,686359501,anapascual,anapascual@mail.com,3501557301,CLL 72 # 90 - 16
NOELIA GIMENEZ,95390320,noegimenez,noegimenez@mail.com,3475747227,CRA 134 # 27 - 40
ESTHER HERRERO,744518402,estherrero,estherrero@mail.com,3508616540,CLL 100 # 115 - 6
VERONICA HIDALGO,1191617501,verhidalgo,verhidalgo@mail.com,3298793597,CLL 121 # 82 - 12
DANIELA MONTERO,971427308,danmontero,danmontero@mail.com,3226507045,CRA 71 # 77 - 28
NEREA LORENZO,262118119,nerlorenzo,nerlorenzo@mail.com,3049701349,CLL 63 # 76 - 65
CAROLINA SANTIAGO,1033857641,carsantiago,carsantiago@mail.com,3032807001,CLL 118 # 121 - 49
INES BENITEZ,516077622,inebenitez,inebenitez@mail.com,3263876513,CRA 145 # 112 - 63
MIRIAM DURAN,666205347,mirduran,mirduran@mail.com,3470285579,CLL 85 # 51 - 62
EVA MARIA IBA•EZ,178582601,evaibaœez,evaibaœez@mail.com,3461962809,CLL 16 # 12 - 19
MARTINA ARIAS,212768368,mararias,mararias@mail.com,3179795900,CRA 18 # 78 - 21
MARIA VICTORIA MORA,1092082882,marmora,marmora@mail.com,3116183395,CLL 131 # 78 - 7
LORENA FERRER,460875816,lorferrer,lorferrer@mail.com,3371641093,CLL 14 # 117 - 6
ANGELES CARMONA,115221529,angcarmona,angcarmona@mail.com,3274562346,CRA 37 # 53 - 14
ANA BELEN VICENTE,665003503,anavicente,anavicente@mail.com,3117196694,CLL 1 # 142 - 25
MARIA ELENA ROJAS,307223453,marrojas,marrojas@mail.com,3001699127,CLL 125 # 47 - 53
MARIA ROSA SOTO,955282952,marsoto,marsoto@mail.com,3303273101,CRA 72 # 8 - 48
VICTORIA CRESPO,650528012,viccrespo,viccrespo@mail.com,3460001396,CLL 55 # 40 - 58
MARIA CONCEPCION ROMAN,386735749,marroman,marroman@mail.com,3108718320,CLL 76 # 109 - 16
ALEJANDRA PASTOR,1194217413,alepastor,alepastor@mail.com,3140744717,CRA 101 # 1 - 59
AMPARO VELASCO,1056714788,ampvelasco,ampvelasco@mail.com,3103781344,CLL 63 # 65 - 59
MARIA ANTONIA PARRA,553400124,marparra,marparra@mail.com,3115917366,CLL 49 # 33 - 8
LIDIA SAEZ,782276522,lidsaez,lidsaez@mail.com,3263119745,CRA 74 # 88 - 59
CELIA MOYA,390759207,celmoya,celmoya@mail.com,3493507563,CLL 39 # 129 - 56
CATALINA BRAVO,937592004,catbravo,catbravo@mail.com,3401412307,CLL 116 # 61 - 47
FATIMA RIVERA,1009758862,fatrivera,fatrivera@mail.com,3126444037,CRA 52 # 127 - 3
MARIA NIEVES GALLARDO,837021328,margallardo,margallardo@mail.com,3198816521,CLL 51 # 99 - 58
AINHOA GARCIA,285692795,aingarcia,aingarcia@mail.com,3215838462,CLL 55 # 124 - 38
OLGA RODRIGUEZ,1118732840,olgrodriguez,olgrodriguez@mail.com,3450387229,CRA 131 # 20 - 59
CLARA GONZALEZ,898378925,clagonzalez,clagonzalez@mail.com,3060605622,CLL 1 # 72 - 12
CONSUELO FERNANDEZ,985624994,confernandez,confernandez@mail.com,3174621379,CLL 56 # 86 - 31
MARIA CRISTINA LOPEZ,85519564,marlopez,marlopez@mail.com,3113736362,CRA 98 # 24 - 39
ADRIANA MARTINEZ,952553967,adrmartinez,adrmartinez@mail.com,3049566750,CLL 93 # 51 - 30
GLORIA SANCHEZ,1060851952,glosanchez,glosanchez@mail.com,3151387330,CLL 28 # 25 - 48
MARIA SOLEDAD PEREZ,110827053,marperez,marperez@mail.com,3351164402,CRA 86 # 63 - 36
ANTONIO GOMEZ,1053345390,antgomez,antgomez@mail.com,3352794041,CLL 50 # 86 - 23
MANUEL MARTIN,1064447774,manmartin,manmartin@mail.com,3184141839,CLL 58 # 11 - 28
JOSE JIMENEZ,1178798389,josjimenez,josjimenez@mail.com,3195105939,CRA 72 # 75 - 71
FRANCISCO HERNANDEZ,372234998,frahernandez,frahernandez@mail.com,3166223436,CLL 85 # 104 - 61
DAVID RUIZ,978618626,davruiz,davruiz@mail.com,3366636254,CLL 53 # 21 - 62
JUAN DIAZ,281173825,juadiaz,juadiaz@mail.com,3502445530,CRA 42 # 23 - 48
JAVIER MORENO,397150277,javmoreno,javmoreno@mail.com,3367724154,CLL 37 # 57 - 22
DANIEL MU•OZ,689596833,danmuœoz,danmuœoz@mail.com,3264043034,CLL 95 # 75 - 15
JOSE ANTONIO ALVAREZ,755673738,josalvarez,josalvarez@mail.com,3430156244,CRA 138 # 64 - 65
FRANCISCO JAVIER ROMERO,159919495,fraromero,fraromero@mail.com,3172858014,CLL 67 # 78 - 46
JOSE LUIS GUTIERREZ,977938483,josgutierrez,josgutierrez@mail.com,3392370565,CLL 58 # 73 - 12
CARLOS ALONSO,662895691,caralonso,caralonso@mail.com,3360532152,CRA 60 # 72 - 21
ALEJANDRO NAVARRO,1060898358,alenavarro,alenavarro@mail.com,3340620036,CLL 25 # 10 - 40
JESUS TORRES,815925806,jestorres,jestorres@mail.com,3456148148,CLL 98 # 69 - 37
MIGUEL DOMINGUEZ,293862474,migdominguez,migdominguez@mail.com,3067180233,CRA 106 # 10 - 28
JOSE MANUEL RAMOS,591296204,josramos,josramos@mail.com,3185992575,CLL 39 # 80 - 63
MIGUEL ANGEL VAZQUEZ,1103709439,migvazquez,migvazquez@mail.com,3409981164,CLL 82 # 23 - 36
RAFAEL RAMIREZ,436076473,raframirez,raframirez@mail.com,3161956957,CRA 139 # 140 - 49
PABLO GIL,598879791,pabgil,pabgil@mail.com,3336565441,CLL 45 # 8 - 16
PEDRO SERRANO,526336521,pedserrano,pedserrano@mail.com,3044950403,CLL 18 # 27 - 11
ANGEL MORALES,867909332,angmorales,angmorales@mail.com,3281186018,CRA 102 # 26 - 35
SERGIO MOLINA,1182653813,sermolina,sermolina@mail.com,3497768679,CLL 98 # 132 - 48
FERNANDO BLANCO,939750352,ferblanco,ferblanco@mail.com,3208163114,CLL 113 # 131 - 41
JOSE MARIA SUAREZ,1063049815,jossuarez,jossuarez@mail.com,3426405793,CRA 52 # 69 - 26
JORGE CASTRO,683270849,jorcastro,jorcastro@mail.com,3229629497,CLL 58 # 43 - 51
LUIS ORTEGA,184198949,luiortega,luiortega@mail.com,3159820194,CLL 51 # 145 - 11
ALBERTO DELGADO,1159887318,albdelgado,albdelgado@mail.com,3424120134,CRA 44 # 53 - 64
ALVARO ORTIZ,971699632,alvortiz,alvortiz@mail.com,3366640573,CLL 71 # 36 - 18
JUAN CARLOS MARIN,716253164,juamarin,juamarin@mail.com,3427739598,CLL 62 # 127 - 52
ADRIAN RUBIO,445467249,adrrubio,adrrubio@mail.com,3081892608,CRA 26 # 50 - 75
DIEGO NU•EZ,1105835935,dienuœez,dienuœez@mail.com,3286268576,CLL 130 # 9 - 74
JUAN JOSE MEDINA,936458573,juamedina,juamedina@mail.com,3168925959,CLL 20 # 33 - 3
RAUL SANZ,842249612,rausanz,rausanz@mail.com,3432517679,CRA 138 # 112 - 48
IVAN CASTILLO,742819242,ivacastillo,ivacastillo@mail.com,3119155642,CLL 31 # 38 - 46
RUBEN IGLESIAS,430521145,rubiglesias,rubiglesias@mail.com,3459540662,CLL 67 # 71 - 64
JUAN ANTONIO CORTES,787140854,juacortes,juacortes@mail.com,3069480504,CRA 102 # 92 - 14
OSCAR GARRIDO,916474762,oscgarrido,oscgarrido@mail.com,3404782019,CLL 38 # 115 - 56
ENRIQUE SANTOS,864765125,enrsantos,enrsantos@mail.com,3315692379,CLL 123 # 5 - 1
RAMON GUERRERO,790236213,ramguerrero,ramguerrero@mail.com,3031895662,CRA 57 # 25 - 44
ANDRES LOZANO,1192335141,andlozano,andlozano@mail.com,3481327604,CLL 112 # 19 - 67
JUAN MANUEL CANO,620603341,juacano,juacano@mail.com,3155358699,CLL 63 # 99 - 18
SANTIAGO CRUZ,894989857,sancruz,sancruz@mail.com,3332598375,CRA 24 # 102 - 28
VICENTE MENDEZ,1146614826,vicmendez,vicmendez@mail.com,3206846396,CLL 116 # 44 - 58
MARIO FLORES,363898015,marflores,marflores@mail.com,3098050699,CLL 114 # 95 - 42
VICTOR PRIETO,1021771468,vicprieto,vicprieto@mail.com,3141743904,CRA 31 # 127 - 40
JOAQUIN HERRERA,881302947,joaherrera,joaherrera@mail.com,3237019067,CLL 137 # 105 - 26
EDUARDO PE•A,630900329,edupeœa,edupeœa@mail.com,3039209229,CLL 40 # 138 - 48
ROBERTO LEON,914700338,robleon,robleon@mail.com,3111793938,CRA 144 # 4 - 70
MARCOS MARQUEZ,740402547,marmarquez,marmarquez@mail.com,3176352691,CLL 15 # 121 - 58
JAIME CABRERA,130357551,jaicabrera,jaicabrera@mail.com,3358852734,CLL 133 # 4 - 46
FRANCISCO JOSE GALLEGO,392236707,fragallego,fragallego@mail.com,3444953051,CRA 78 # 74 - 52
HUGO CALVO,733411928,hugcalvo,hugcalvo@mail.com,3371382658,CLL 127 # 94 - 22
IGNACIO VIDAL,517365502,ignvidal,ignvidal@mail.com,3085081215,CLL 4 # 89 - 57
JORDI CAMPOS,71776078,jorcampos,jorcampos@mail.com,3037489350,CRA 2 # 62 - 36
ALFONSO REYES,1116518328,alfreyes,alfreyes@mail.com,3492250183,CLL 76 # 77 - 73
RICARDO VEGA,842301294,ricvega,ricvega@mail.com,3048916513,CLL 35 # 138 - 72
SALVADOR FUENTES,64672564,salfuentes,salfuentes@mail.com,3496937431,CRA 117 # 104 - 66
MARC CARRASCO,581125424,marcarrasco,marcarrasco@mail.com,3454927052,CLL 113 # 105 - 45
GUILLERMO DIEZ,82179588,guidiez,guidiez@mail.com,3462912827,CLL 96 # 77 - 53
MOHAMED AGUILAR,152917467,mohaguilar,mohaguilar@mail.com,3430648720,CRA 52 # 43 - 27
GABRIEL CABALLERO,722050841,gabcaballero,gabcaballero@mail.com,3427483656,CLL 53 # 58 - 65
MARTIN NIETO,108124835,marnieto,marnieto@mail.com,3302398932,CLL 33 # 37 - 38
GONZALO SANTANA,607808721,gonsantana,gonsantana@mail.com,3070769506,CRA 18 # 72 - 59
EMILIO VARGAS,290493537,emivargas,emivargas@mail.com,3043918396,CLL 145 # 102 - 53
JOSE MIGUEL PASCUAL,733298145,jospascual,jospascual@mail.com,3222099992,CLL 101 # 108 - 2
JULIO GIMENEZ,1076626647,julgimenez,julgimenez@mail.com,3255897077,CRA 48 # 45 - 56
JULIAN HERRERO,651492941,julherrero,julherrero@mail.com,3038195468,CLL 58 # 52 - 41
TOMAS HIDALGO,266510805,tomhidalgo,tomhidalgo@mail.com,3416735175,CLL 16 # 143 - 46
NICOLAS MONTERO,309796102,nicmontero,nicmontero@mail.com,3218161683,CRA 54 # 63 - 11
AGUSTIN LORENZO,215334699,agulorenzo,agulorenzo@mail.com,3434144568,CLL 143 # 113 - 31
LUCAS SANTIAGO,914200855,lucsantiago,lucsantiago@mail.com,3081017290,CLL 68 # 126 - 6
SAMUEL BENITEZ,564093061,sambenitez,sambenitez@mail.com,3131284784,CRA 22 # 32 - 32
JOSE RAMON DURAN,501215756,josduran,josduran@mail.com,3240569513,CLL 10 # 44 - 34
ISMAEL IBA•EZ,940542520,ismibaœez,ismibaœez@mail.com,3140904747,CLL 143 # 125 - 15
CRISTIAN ARIAS,258145022,criarias,criarias@mail.com,3078983733,CRA 134 # 87 - 28
JOAN MORA,493647382,joamora,joamora@mail.com,3081741579,CLL 99 # 56 - 60
AITOR FERRER,995604068,aitferrer,aitferrer@mail.com,3500405602,CLL 88 # 105 - 9
FELIX CARMONA,168173043,felcarmona,felcarmona@mail.com,3384308306,CRA 108 # 115 - 59
HECTOR VICENTE,551160244,hecvicente,hecvicente@mail.com,3263899628,CLL 25 # 47 - 72
ALEX ROJAS,91302991,alerojas,alerojas@mail.com,3348599307,CLL 117 # 93 - 70
IKER SOTO,379499187,ikesoto,ikesoto@mail.com,3327042194,CRA 31 # 3 - 48
JUAN FRANCISCO CRESPO,667785996,juacrespo,juacrespo@mail.com,3392956141,CLL 61 # 11 - 8
JOSE CARLOS ROMAN,155659054,josroman,josroman@mail.com,3003081092,CLL 84 # 86 - 30
MATEO PASTOR,1038106546,matpastor,matpastor@mail.com,3414705332,CRA 111 # 46 - 68
SEBASTIAN VELASCO,642415488,sebvelasco,sebvelasco@mail.com,3276484460,CLL 86 # 125 - 63
CESAR PARRA,1141107810,cesparra,cesparra@mail.com,3076488802,CLL 96 # 99 - 37
JOSEP SAEZ,925553271,jossaez,jossaez@mail.com,3215852602,CRA 140 # 37 - 53
ALFREDO MOYA,728167587,alfmoya,alfmoya@mail.com,3016085597,CLL 23 # 127 - 71
MARIANO BRAVO,812854314,marbravo,marbravo@mail.com,3505326073,CLL 42 # 2 - 56
RODRIGO RIVERA,987811134,rodrivera,rodrivera@mail.com,3446773506,CRA 105 # 133 - 19
JOSE ANGEL GALLARDO,1070086968,josgallardo,josgallardo@mail.com,3000003224,CLL 44 # 9 - 52
DOMINGO GARCIA,1136879088,domgarcia,domgarcia@mail.com,3062028685,CLL 60 # 103 - 35
VICTOR MANUEL RODRIGUEZ,131102030,vicrodriguez,vicrodriguez@mail.com,3050727297,CRA 106 # 28 - 66
JOSE IGNACIO GONZALEZ,679045472,josgonzalez,josgonzalez@mail.com,3240405851,CLL 59 # 40 - 5
FELIPE FERNANDEZ,658284609,felfernandez,felfernandez@mail.com,3353531509,CLL 87 # 137 - 69
LUIS MIGUEL LOPEZ,927174099,luilopez,luilopez@mail.com,3214267761,CRA 88 # 85 - 48
JOSE FRANCISCO MARTINEZ,691861386,josmartinez,josmartinez@mail.com,3081802912,CLL 84 # 99 - 32
XAVIER SANCHEZ,361027777,xavsanchez,xavsanchez@mail.com,3480704835,CLL 2 # 44 - 8
ALBERT PEREZ,453910262,albperez,albperez@mail.com,3368068374,CRA 60 # 27 - 61
JUAN LUIS GOMEZ,508245719,juagomez,juagomez@mail.com,3185950997,CLL 45 # 94 - 57
MARIA CARMEN MARTIN,1177987933,marmartin,marmartin@mail.com,3370105733,CLL 142 # 114 - 1
MARIA JIMENEZ,685764812,marjimenez,marjimenez@mail.com,3258859207,CRA 107 # 16 - 39
CARMEN HERNANDEZ,385884301,carhernandez,carhernandez@mail.com,3356300570,CLL 23 # 129 - 30
ANA MARIA RUIZ,642206684,anaruiz,anaruiz@mail.com,3144071311,CLL 108 # 115 - 17
LAURA DIAZ,140842033,laudiaz,laudiaz@mail.com,3472443029,CRA 59 # 15 - 27
MARIA PILAR MORENO,602900363,marmoreno,marmoreno@mail.com,3491685531,CLL 119 # 65 - 6
MARIA DOLORES MU•OZ,1056995541,marmuœoz,marmuœoz@mail.com,3377315175,CLL 52 # 127 - 1
ISABEL ALVAREZ,628098056,isaalvarez,isaalvarez@mail.com,3390681002,CRA 87 # 21 - 5
JOSEFA ROMERO,94792053,josromero,josromero@mail.com,3027298920,CLL 25 # 17 - 71
MARIA TERESA GUTIERREZ,366339471,margutierrez,margutierrez@mail.com,3391107843,CLL 123 # 6 - 56
ANA ALONSO,1072729206,anaalonso,anaalonso@mail.com,3140837847,CRA 143 # 55 - 47
MARTA NAVARRO,150815813,marnavarro,marnavarro@mail.com,3000277634,CLL 85 # 31 - 69
CRISTINA TORRES,1176530475,critorres,critorres@mail.com,3193971368,CLL 28 # 101 - 66
MARIA ANGELES DOMINGUEZ,744591393,mardominguez,mardominguez@mail.com,3241270574,CRA 39 # 34 - 28
LUCIA RAMOS,486573321,lucramos,lucramos@mail.com,3264649972,CLL 115 # 130 - 46
MARIA ISABEL VAZQUEZ,424628139,marvazquez,marvazquez@mail.com,3182136897,CLL 144 # 7 - 16
MARIA JOSE RAMIREZ,768518672,marramirez,marramirez@mail.com,3330976145,CRA 7 # 30 - 65
FRANCISCA GIL,882820551,fragil,fragil@mail.com,3243412656,CLL 93 # 33 - 50
ANTONIA SERRANO,423540776,antserrano,antserrano@mail.com,3389077792,CLL 141 # 53 - 29
DOLORES MORALES,895200371,dolmorales,dolmorales@mail.com,3462491608,CRA 138 # 112 - 15
PAULA MOLINA,141956483,paumolina,paumolina@mail.com,3260055085,CLL 99 # 2 - 20
SARA BLANCO,309740522,sarblanco,sarblanco@mail.com,3033211332,CLL 94 # 30 - 14
ELENA SUAREZ,722510886,elesuarez,elesuarez@mail.com,3399888913,CRA 51 # 46 - 18
MARIA LUISA CASTRO,276634400,marcastro,marcastro@mail.com,3086587646,CLL 40 # 70 - 43
RAQUEL ORTEGA,1193513930,raqortega,raqortega@mail.com,3426243720,CLL 79 # 3 - 52
ROSA MARIA DELGADO,752727961,rosdelgado,rosdelgado@mail.com,3392892102,CRA 73 # 122 - 53
MANUELA ORTIZ,779322572,manortiz,manortiz@mail.com,3390661977,CLL 95 # 72 - 15
MARIA JESUS MARIN,694063869,marmarin,marmarin@mail.com,3463635114,CLL 23 # 35 - 65
PILAR RUBIO,1067567231,pilrubio,pilrubio@mail.com,3374073867,CRA 141 # 139 - 62
CONCEPCION NU•EZ,962151713,connuœez,connuœez@mail.com,3429059620,CLL 134 # 30 - 38
MERCEDES MEDINA,357947455,mermedina,mermedina@mail.com,3204163254,CLL 82 # 91 - 24
JULIA SANZ,234722617,julsanz,julsanz@mail.com,3020011941,CRA 34 # 138 - 25
BEATRIZ CASTILLO,578178456,beacastillo,beacastillo@mail.com,3225621759,CLL 124 # 141 - 21
ALBA IGLESIAS,44150356,albiglesias,albiglesias@mail.com,3151286226,CLL 3 # 71 - 65
SILVIA CORTES,550866071,silcortes,silcortes@mail.com,3227908533,CRA 54 # 93 - 48
NURIA GARRIDO,298486646,nurgarrido,nurgarrido@mail.com,3130822976,CLL 81 # 29 - 49
IRENE SANTOS,1132796616,iresantos,iresantos@mail.com,3304529001,CLL 51 # 43 - 12
PATRICIA GUERRERO,506699882,patguerrero,patguerrero@mail.com,3245224852,CRA 134 # 64 - 64
ROSARIO LOZANO,480455718,roslozano,roslozano@mail.com,3389204865,CLL 100 # 50 - 12
JUANA CANO,1012465657,juacano,juacano@mail.com,3437562465,CLL 142 # 121 - 64
ROCIO CRUZ,695008739,roccruz,roccruz@mail.com,3427497133,CRA 13 # 100 - 10
ANDREA MENDEZ,380091600,andmendez,andmendez@mail.com,3168803615,CLL 21 # 115 - 24
TERESA FLORES,56308151,terflores,terflores@mail.com,3240935323,CLL 38 # 96 - 54
ENCARNACION PRIETO,1102543080,encprieto,encprieto@mail.com,3044418344,CRA 99 # 49 - 16
MONTSERRAT HERRERA,964905434,monherrera,monherrera@mail.com,3386073586,CLL 88 # 26 - 73
MONICA PE•A,833771147,monpeœa,monpeœa@mail.com,3166330865,CLL 2 # 5 - 12
ALICIA LEON,777508501,alileon,alileon@mail.com,3147318208,CRA 114 # 136 - 41
MARIA MAR MARQUEZ,485310906,marmarquez,marmarquez@mail.com,3243810407,CLL 116 # 35 - 16
SANDRA CABRERA,385067715,sancabrera,sancabrera@mail.com,3007715739,CLL 61 # 8 - 71
SONIA GALLEGO,1066084556,songallego,songallego@mail.com,3388683419,CRA 1 # 49 - 63
MARINA CALVO,736401919,marcalvo,marcalvo@mail.com,3159991387,CLL 8 # 65 - 21
SUSANA VIDAL,1012991871,susvidal,susvidal@mail.com,3145848420,CLL 38 # 102 - 46
ANGELA CAMPOS,889440112,angcampos,angcampos@mail.com,3464408063,CRA 121 # 98 - 24
NATALIA REYES,560616404,natreyes,natreyes@mail.com,3484954968,CLL 52 # 12 - 45
ROSA VEGA,455928810,rosvega,rosvega@mail.com,3118817724,CLL 83 # 93 - 43
YOLANDA FUENTES,1068583043,yolfuentes,yolfuentes@mail.com,3224975633,CRA 106 # 17 - 41
SOFIA CARRASCO,493382820,sofcarrasco,sofcarrasco@mail.com,3482589509,CLL 83 # 57 - 50
CLAUDIA DIEZ,584025896,cladiez,cladiez@mail.com,3171991297,CLL 23 # 87 - 1
MARGARITA AGUILAR,387621588,maraguilar,maraguilar@mail.com,3412332453,CRA 123 # 16 - 35
MARIA JOSEFA CABALLERO,375389574,marcaballero,marcaballero@mail.com,3035531086,CLL 96 # 24 - 21
CARLA NIETO,44843521,carnieto,carnieto@mail.com,3078990851,CLL 81 # 122 - 56
EVA SANTANA,653730496,evasantana,evasantana@mail.com,3064829848,CRA 23 # 60 - 39
INMACULADA VARGAS,250751084,inmvargas,inmvargas@mail.com,3100018367,CLL 59 # 52 - 5
MARIA ROSARIO PASCUAL,1182156911,marpascual,marpascual@mail.com,3269651501,CLL 33 # 131 - 44
MARIA MERCEDES GIMENEZ,893830892,margimenez,margimenez@mail.com,3064876266,CRA 44 # 130 - 58
ANA ISABEL HERRERO,675699112,anaherrero,anaherrero@mail.com,3080834834,CLL 14 # 75 - 20
NOELIA HIDALGO,540063293,noehidalgo,noehidalgo@mail.com,3074350387,CLL 18 # 129 - 55
ESTHER MONTERO,1178313865,estmontero,estmontero@mail.com,3451989479,CRA 114 # 7 - 63
VERONICA LORENZO,690886214,verlorenzo,verlorenzo@mail.com,3000001954,CLL 42 # 14 - 29
DANIELA SANTIAGO,1032801965,dansantiago,dansantiago@mail.com,3172995754,CLL 8 # 87 - 6
NEREA BENITEZ,376218536,nerbenitez,nerbenitez@mail.com,3175863972,CRA 145 # 23 - 8
CAROLINA DURAN,1001026133,carduran,carduran@mail.com,3220480946,CLL 94 # 75 - 45
INES IBA•EZ,553126595,ineibaœez,ineibaœez@mail.com,3057471607,CLL 13 # 57 - 58
MIRIAM ARIAS,148567613,mirarias,mirarias@mail.com,3089363144,CRA 49 # 7 - 49
EVA MARIA MORA,577351075,evamora,evamora@mail.com,3324162278,CLL 74 # 119 - 65
MARTINA FERRER,944917812,marferrer,marferrer@mail.com,3339719626,CLL 48 # 32 - 31
MARIA VICTORIA CARMONA,1015728849,marcarmona,marcarmona@mail.com,3141055422,CRA 22 # 13 - 32
LORENA VICENTE,1153097788,lorvicente,lorvicente@mail.com,3190657688,CLL 78 # 56 - 75
ANGELES ROJAS,70594548,angrojas,angrojas@mail.com,3088777954,CLL 121 # 48 - 63
ANA BELEN SOTO,637554495,anasoto,anasoto@mail.com,3247650159,CRA 24 # 83 - 32
MARIA ELENA CRESPO,1086475928,marcrespo,marcrespo@mail.com,3146200963,CLL 12 # 103 - 21
MARIA ROSA ROMAN,1096032073,marroman,marroman@mail.com,3137620251,CLL 126 # 78 - 46
VICTORIA PASTOR,1092094805,vicpastor,vicpastor@mail.com,3109936898,CRA 113 # 60 - 37
MARIA CONCEPCION VELASCO,874037793,marvelasco,marvelasco@mail.com,3036720443,CLL 7 # 138 - 19
ALEJANDRA PARRA,1130144939,aleparra,aleparra@mail.com,3299840753,CLL 47 # 77 - 14
AMPARO SAEZ,157772276,ampsaez,ampsaez@mail.com,3101490546,CRA 81 # 21 - 75
MARIA ANTONIA MOYA,77661511,marmoya,marmoya@mail.com,3327057247,CLL 24 # 99 - 72
LIDIA BRAVO,188589473,lidbravo,lidbravo@mail.com,3077735188,CLL 100 # 11 - 7
CELIA RIVERA,347392853,celrivera,celrivera@mail.com,3392258228,CRA 66 # 73 - 73
CATALINA GALLARDO,711143678,catgallardo,catgallardo@mail.com,3017280812,CLL 53 # 64 - 20
FATIMA GARCIA,1142477069,fatgarcia,fatgarcia@mail.com,3160189736,CLL 38 # 19 - 58
MARIA NIEVES RODRIGUEZ,307673213,marrodriguez,marrodriguez@mail.com,3062923999,CRA 6 # 14 - 55
AINHOA GONZALEZ,341252847,aingonzalez,aingonzalez@mail.com,3424221050,CLL 100 # 103 - 11
OLGA FERNANDEZ,1098494774,olgfernandez,olgfernandez@mail.com,3013065042,CLL 63 # 46 - 21
CLARA LOPEZ,987059638,clalopez,clalopez@mail.com,3438063371,CRA 138 # 52 - 26
CONSUELO MARTINEZ,1180880702,conmartinez,conmartinez@mail.com,3156428350,CLL 34 # 25 - 6
MARIA CRISTINA SANCHEZ,499676492,marsanchez,marsanchez@mail.com,3169866392,CLL 29 # 126 - 35
ADRIANA PEREZ,868334428,adrperez,adrperez@mail.com,3493601740,CRA 27 # 112 - 52
GLORIA GOMEZ,688037008,glogomez,glogomez@mail.com,3045207746,CLL 6 # 44 - 8
MARIA SOLEDAD MARTIN,155084012,marmartin,marmartin@mail.com,3291775738,CLL 80 # 135 - 40
